/*M!999999\- enable the sandbox mode */ 
-- MariaDB dump 10.19  Distrib 10.11.11-MariaDB, for debian-linux-gnu (x86_64)
--
-- Host: localhost    Database: painel_forca_de_vendas_dev
-- ------------------------------------------------------
-- Server version	10.11.11-MariaDB-0ubuntu0.24.04.2

/*!40101 SET @OLD_CHARACTER_SET_CLIENT=@@CHARACTER_SET_CLIENT */;
/*!40101 SET @OLD_CHARACTER_SET_RESULTS=@@CHARACTER_SET_RESULTS */;
/*!40101 SET @OLD_COLLATION_CONNECTION=@@COLLATION_CONNECTION */;
/*!40101 SET NAMES utf8mb4 */;
/*!40103 SET @OLD_TIME_ZONE=@@TIME_ZONE */;
/*!40103 SET TIME_ZONE='+00:00' */;
/*!40014 SET @OLD_UNIQUE_CHECKS=@@UNIQUE_CHECKS, UNIQUE_CHECKS=0 */;
/*!40014 SET @OLD_FOREIGN_KEY_CHECKS=@@FOREIGN_KEY_CHECKS, FOREIGN_KEY_CHECKS=0 */;
/*!40101 SET @OLD_SQL_MODE=@@SQL_MODE, SQL_MODE='NO_AUTO_VALUE_ON_ZERO' */;
/*!40111 SET @OLD_SQL_NOTES=@@SQL_NOTES, SQL_NOTES=0 */;

--
-- Table structure for table `brands`
--

DROP TABLE IF EXISTS `brands`;
/*!40101 SET @saved_cs_client     = @@character_set_client */;
/*!40101 SET character_set_client = utf8mb4 */;
CREATE TABLE `brands` (
  `id` int(11) NOT NULL AUTO_INCREMENT,
  `name` varchar(45) NOT NULL,
  `logo_img` varchar(255) DEFAULT NULL,
  `min_value` decimal(10,2) NOT NULL DEFAULT 0.00,
  `min_installments_value` decimal(10,2) NOT NULL DEFAULT 0.00,
  `visible` tinyint(1) DEFAULT 1,
  `sku_order` varchar(255) DEFAULT NULL,
  `address_id` int(11) DEFAULT NULL,
  `business_id` int(11) NOT NULL,
  `company_id` int(11) NOT NULL,
  `created_at` datetime(3) NOT NULL DEFAULT current_timestamp(3),
  `updated_at` datetime(3) DEFAULT NULL,
  `deleted_at` datetime(3) DEFAULT NULL,
  PRIMARY KEY (`id`),
  UNIQUE KEY `brands_name_company_id_key` (`name`,`company_id`),
  UNIQUE KEY `brands_address_id_key` (`address_id`),
  KEY `brands_business_id_fkey` (`business_id`),
  KEY `brands_company_id_fkey` (`company_id`),
  CONSTRAINT `brands_address_id_fkey` FOREIGN KEY (`address_id`) REFERENCES `addresses` (`id`) ON DELETE SET NULL ON UPDATE CASCADE,
  CONSTRAINT `brands_business_id_fkey` FOREIGN KEY (`business_id`) REFERENCES `business` (`id`) ON UPDATE CASCADE,
  CONSTRAINT `brands_company_id_fkey` FOREIGN KEY (`company_id`) REFERENCES `companies` (`id`) ON UPDATE CASCADE
) ENGINE=InnoDB AUTO_INCREMENT=122 DEFAULT CHARSET=utf8mb4 COLLATE=utf8mb4_unicode_ci;
/*!40101 SET character_set_client = @saved_cs_client */;

--
-- Dumping data for table `brands`
--

LOCK TABLES `brands` WRITE;
/*!40000 ALTER TABLE `brands` DISABLE KEYS */;
INSERT INTO `brands` VALUES
(1,'Hermès Paris','herms-paris.png',500.00,0.00,1,'',24,23,1,'2025-02-18 19:36:15.585','2025-04-28 12:54:43.157',NULL),
(6,'Minha Marca','piticas.jpeg',1300.00,570.00,1,'GG-G-M-P',31,29,1,'2025-02-19 13:36:25.241','2025-05-23 17:09:14.224',NULL),
(109,'NovaTech','novatech.png',500.00,120.45,1,'P-M-G-GG',173,163,1,'2025-03-07 13:36:57.810','2025-04-28 12:54:53.546',NULL),
(110,'EliteCorp','elitecorp.png',600.50,150.00,1,'P-M-G',174,164,1,'2025-03-07 13:36:58.643','2025-04-28 12:56:23.682',NULL),
(111,'MaxBrand','maxbrand.jpeg',700.50,200.00,0,'EX-EX1-EX2',175,165,1,'2025-03-07 13:36:58.662','2025-04-28 12:57:33.603',NULL),
(112,'PrimeLux','primelux.png',800.00,150.50,1,'41-42-43-44',176,166,1,'2025-03-07 13:36:58.663','2025-04-28 12:55:32.099',NULL),
(113,'InovaPlus','inovaplus.png',450.99,50.00,0,'P-M-G-GG',177,167,1,'2025-03-07 13:37:01.698','2025-04-28 12:57:53.447',NULL),
(114,'Polo Wear','polo-wear.png',500.00,120.45,1,'P-M-G-GG',183,171,1,'2025-03-07 14:39:43.161','2025-04-28 12:55:20.660',NULL),
(115,'FIC','fic.png',0.00,0.00,1,'',229,217,1,'2025-04-01 15:23:09.274','2025-04-28 12:58:12.675',NULL),
(116,'Adidas','adidas.jpeg',500.00,100.00,1,'',241,226,11,'2025-04-28 18:41:02.608','2025-04-28 18:41:06.308',NULL),
(117,'Puma','puma.png',0.00,0.00,1,'P-M',249,231,11,'2025-05-06 14:35:56.778','2025-05-06 14:35:59.552',NULL),
(118,'Marca Beta',NULL,150.00,30.00,0,'codigo',311,276,1,'2025-05-21 12:44:25.659','2025-05-21 12:44:25.659',NULL),
(119,'Marca Alpha',NULL,100.00,20.00,0,'nome',312,277,1,'2025-05-21 12:44:26.674','2025-05-21 12:44:26.674',NULL),
(120,'d2313','minha-marca.png',0.00,0.00,1,'',324,287,1,'2025-05-23 12:25:16.140','2025-05-23 17:08:11.546',NULL),
(121,'Reserva','reserva.jpeg',500.00,200.00,0,'P-M-G',325,288,11,'2025-05-23 13:16:36.827','2025-05-23 13:17:47.077',NULL);
/*!40000 ALTER TABLE `brands` ENABLE KEYS */;
UNLOCK TABLES;

--
-- Table structure for table `categories`
--

DROP TABLE IF EXISTS `categories`;
/*!40101 SET @saved_cs_client     = @@character_set_client */;
/*!40101 SET character_set_client = utf8mb4 */;
CREATE TABLE `categories` (
  `id` int(10) unsigned NOT NULL AUTO_INCREMENT,
  `name` varchar(37) NOT NULL,
  `created_at` timestamp NULL DEFAULT current_timestamp(),
  `company_id` int(11) NOT NULL,
  PRIMARY KEY (`id`),
  UNIQUE KEY `categories_name_company_id_key` (`name`,`company_id`),
  KEY `categories_company_id_fkey` (`company_id`),
  CONSTRAINT `categories_company_id_fkey` FOREIGN KEY (`company_id`) REFERENCES `companies` (`id`) ON UPDATE CASCADE
) ENGINE=InnoDB AUTO_INCREMENT=32 DEFAULT CHARSET=utf8mb4 COLLATE=utf8mb4_unicode_ci;
/*!40101 SET character_set_client = @saved_cs_client */;

--
-- Dumping data for table `categories`
--

LOCK TABLES `categories` WRITE;
/*!40000 ALTER TABLE `categories` DISABLE KEYS */;
INSERT INTO `categories` VALUES
(1,'Camisetas','2025-02-14 16:25:50',1),
(26,'Calça','2025-04-29 18:03:21',11),
(27,'Calção','2025-04-29 21:24:22',1),
(28,'Chinesa','2025-05-12 19:04:00',1),
(29,'Jaqueta','2025-05-23 15:26:10',1),
(30,'Moletom','2025-05-23 16:16:35',1),
(31,'Suéter','2025-05-23 17:39:39',1);
/*!40000 ALTER TABLE `categories` ENABLE KEYS */;
UNLOCK TABLES;

--
-- Table structure for table `price_tables`
--

DROP TABLE IF EXISTS `price_tables`;
/*!40101 SET @saved_cs_client     = @@character_set_client */;
/*!40101 SET character_set_client = utf8mb4 */;
CREATE TABLE `price_tables` (
  `id` int(11) NOT NULL AUTO_INCREMENT,
  `description` varchar(255) NOT NULL,
  `price_adjustment` decimal(5,4) NOT NULL DEFAULT 1.0000,
  `minimum_value` decimal(10,2) NOT NULL,
  `visible` tinyint(1) NOT NULL DEFAULT 1,
  `created_at` timestamp NOT NULL DEFAULT current_timestamp(),
  `updated_at` timestamp NULL DEFAULT NULL ON UPDATE current_timestamp(),
  `deleted_at` timestamp NULL DEFAULT NULL,
  `company_id` int(11) NOT NULL,
  PRIMARY KEY (`id`),
  KEY `price_table_company_id_fkey` (`company_id`),
  CONSTRAINT `price_table_company_id_fkey` FOREIGN KEY (`company_id`) REFERENCES `companies` (`id`) ON UPDATE CASCADE
) ENGINE=InnoDB AUTO_INCREMENT=11 DEFAULT CHARSET=utf8mb4 COLLATE=utf8mb4_unicode_ci;
/*!40101 SET character_set_client = @saved_cs_client */;

--
-- Dumping data for table `price_tables`
--

LOCK TABLES `price_tables` WRITE;
/*!40000 ALTER TABLE `price_tables` DISABLE KEYS */;
INSERT INTO `price_tables` VALUES
(1,'Norte',1.0500,255.60,1,'2025-02-19 16:13:46','2025-03-27 14:45:00',NULL,1),
(2,'Sudeste',0.9400,1000.00,1,'2025-02-19 16:16:40','2025-04-17 14:43:38',NULL,1),
(3,'Leste',1.1500,499.99,0,'2025-02-19 16:21:39','2025-05-09 19:40:32',NULL,1),
(4,'Oeste',1.0000,600.00,1,'2025-02-19 16:23:07','2025-03-27 14:45:09',NULL,1),
(5,'Nordeste',1.1900,350.00,1,'2025-03-21 23:08:05','2025-03-27 14:43:06',NULL,1),
(6,'teste',0.8800,325.50,1,'2025-03-27 17:46:17','2025-03-27 14:56:18','2025-03-27 17:56:18',1),
(7,'teste',0.9878,34.44,1,'2025-03-27 17:58:17','2025-03-27 14:58:24','2025-03-27 17:58:24',1),
(8,'NORTE',1.0500,100.00,0,'2025-04-29 16:33:25','2025-05-26 19:36:44',NULL,11),
(9,'ESTE',1.0100,250.00,1,'2025-05-06 15:43:48','2025-05-06 14:00:49','2025-05-06 17:00:48',11),
(10,'SUL',1.0255,500.00,1,'2025-05-06 15:50:11','2025-05-06 14:55:08',NULL,11);
/*!40000 ALTER TABLE `price_tables` ENABLE KEYS */;
UNLOCK TABLES;

--
-- Table structure for table `price_tables_skus`
--

DROP TABLE IF EXISTS `price_tables_skus`;
/*!40101 SET @saved_cs_client     = @@character_set_client */;
/*!40101 SET character_set_client = utf8mb4 */;
CREATE TABLE `price_tables_skus` (
  `id` int(11) NOT NULL AUTO_INCREMENT,
  `price` decimal(10,2) NOT NULL DEFAULT 0.00,
  `created_at` timestamp NOT NULL DEFAULT current_timestamp(),
  `updated_at` timestamp NULL DEFAULT NULL ON UPDATE current_timestamp(),
  `sku_id` int(11) NOT NULL,
  `price_table_id` int(11) NOT NULL,
  PRIMARY KEY (`id`),
  UNIQUE KEY `unique_sku_price_table` (`sku_id`,`price_table_id`),
  KEY `fk_price_table` (`price_table_id`),
  CONSTRAINT `fk_price_table` FOREIGN KEY (`price_table_id`) REFERENCES `price_tables` (`id`),
  CONSTRAINT `fk_price_table_sku` FOREIGN KEY (`sku_id`) REFERENCES `skus` (`id`)
) ENGINE=InnoDB AUTO_INCREMENT=696 DEFAULT CHARSET=utf8mb4 COLLATE=utf8mb4_general_ci;
/*!40101 SET character_set_client = @saved_cs_client */;

--
-- Dumping data for table `price_tables_skus`
--

LOCK TABLES `price_tables_skus` WRITE;
/*!40000 ALTER TABLE `price_tables_skus` DISABLE KEYS */;
INSERT INTO `price_tables_skus` VALUES
(2,200.00,'2025-03-19 18:11:57','2025-03-25 17:58:51',7,1),
(4,200.00,'2025-03-25 20:58:52',NULL,7,3),
(5,200.00,'2025-03-25 20:58:52',NULL,7,5),
(6,200.00,'2025-03-25 20:58:52',NULL,7,4),
(7,200.00,'2025-03-25 20:58:52',NULL,7,2),
(8,200.10,'2025-03-25 21:03:56','2025-03-25 18:09:50',8,3),
(10,200.10,'2025-03-25 21:03:56','2025-03-25 18:09:51',8,4),
(11,200.10,'2025-03-25 21:03:56','2025-03-25 18:09:51',8,2),
(100,0.20,'2025-03-26 21:58:42',NULL,9,3),
(101,0.20,'2025-03-26 21:58:42',NULL,9,5),
(102,0.20,'2025-03-26 21:58:42',NULL,9,1),
(103,20.20,'2025-03-26 21:58:42',NULL,9,4),
(104,0.20,'2025-03-26 21:58:42',NULL,9,2),
(108,50.00,'2025-03-27 15:23:17',NULL,10,5),
(109,50.00,'2025-03-27 15:24:12',NULL,10,1),
(131,50.00,'2025-04-22 21:41:52',NULL,11,3),
(132,50.00,'2025-04-22 21:41:52',NULL,11,5),
(133,50.00,'2025-04-22 21:41:52',NULL,11,1),
(135,50.00,'2025-04-22 21:41:52',NULL,11,2),
(136,50.00,'2025-04-22 21:41:58',NULL,12,3),
(137,50.00,'2025-04-22 21:41:58',NULL,12,5),
(138,50.00,'2025-04-22 21:41:58',NULL,12,1),
(140,50.00,'2025-04-22 21:41:58',NULL,12,2),
(141,50.00,'2025-04-22 21:42:03',NULL,13,3),
(142,50.00,'2025-04-22 21:42:03',NULL,13,5),
(143,50.00,'2025-04-22 21:42:03',NULL,13,1),
(145,50.00,'2025-04-22 21:42:03',NULL,13,2),
(146,50.00,'2025-04-22 21:42:11',NULL,14,3),
(147,50.00,'2025-04-22 21:42:11',NULL,14,5),
(148,50.00,'2025-04-22 21:42:11',NULL,14,1),
(149,50.00,'2025-04-22 21:42:11',NULL,14,4),
(150,50.00,'2025-04-22 21:42:11',NULL,14,2),
(152,49.99,'2025-04-22 21:42:49',NULL,95,5),
(153,49.99,'2025-04-22 21:42:49',NULL,95,1),
(154,49.99,'2025-04-22 21:42:49',NULL,95,4),
(155,49.99,'2025-04-22 21:42:49',NULL,95,2),
(157,49.99,'2025-04-22 21:43:05',NULL,94,5),
(158,49.99,'2025-04-22 21:43:05',NULL,94,1),
(159,49.99,'2025-04-22 21:43:05',NULL,94,4),
(160,49.99,'2025-04-22 21:43:05',NULL,94,2),
(162,49.99,'2025-04-22 21:43:10',NULL,93,5),
(163,49.99,'2025-04-22 21:43:10',NULL,93,1),
(164,49.99,'2025-04-22 21:43:10',NULL,93,4),
(165,49.99,'2025-04-22 21:43:10',NULL,93,2),
(167,49.99,'2025-04-22 21:43:15',NULL,92,5),
(168,49.99,'2025-04-22 21:43:15',NULL,92,1),
(169,49.99,'2025-04-22 21:43:15',NULL,92,4),
(170,49.99,'2025-04-22 21:43:15',NULL,92,2),
(172,49.99,'2025-04-22 21:43:26',NULL,89,5),
(173,49.99,'2025-04-22 21:43:26',NULL,89,1),
(174,49.99,'2025-04-22 21:43:26',NULL,89,4),
(175,49.99,'2025-04-22 21:43:26',NULL,89,2),
(177,49.99,'2025-04-22 21:43:32',NULL,88,5),
(178,49.99,'2025-04-22 21:43:32',NULL,88,1),
(179,49.99,'2025-04-22 21:43:32',NULL,88,4),
(180,49.99,'2025-04-22 21:43:32',NULL,88,2),
(183,33.33,'2025-04-23 20:38:15',NULL,18,3),
(184,22.23,'2025-04-23 20:38:15',NULL,18,5),
(185,88.22,'2025-04-23 20:38:15',NULL,18,1),
(186,12.22,'2025-04-23 20:38:15',NULL,18,4),
(187,45.90,'2025-04-23 20:38:15',NULL,18,2),
(188,12.21,'2025-04-23 20:38:37',NULL,19,3),
(189,33.45,'2025-04-23 20:38:37',NULL,19,5),
(190,78.67,'2025-04-23 20:38:37',NULL,19,1),
(191,13.24,'2025-04-23 20:38:37',NULL,19,4),
(192,56.52,'2025-04-23 20:38:37',NULL,19,2),
(223,79.90,'2025-04-25 22:31:17',NULL,102,3),
(224,79.90,'2025-04-25 22:31:17',NULL,102,5),
(225,79.90,'2025-04-25 22:31:17',NULL,102,1),
(227,79.90,'2025-04-25 22:31:17','2025-05-22 16:42:13',102,2),
(228,79.90,'2025-04-25 22:31:25',NULL,103,3),
(229,79.90,'2025-04-25 22:31:25',NULL,103,5),
(230,79.90,'2025-04-25 22:31:25',NULL,103,1),
(231,79.90,'2025-04-25 22:31:25',NULL,103,4),
(232,79.90,'2025-04-25 22:31:25',NULL,103,2),
(233,79.90,'2025-04-25 22:31:32',NULL,104,3),
(234,79.90,'2025-04-25 22:31:32',NULL,104,5),
(235,79.90,'2025-04-25 22:31:32',NULL,104,1),
(236,79.90,'2025-04-25 22:31:32',NULL,104,4),
(237,79.90,'2025-04-25 22:31:32',NULL,104,2),
(238,79.90,'2025-04-25 22:31:39',NULL,105,3),
(239,79.90,'2025-04-25 22:31:39',NULL,105,5),
(240,79.90,'2025-04-25 22:31:39',NULL,105,1),
(241,79.90,'2025-04-25 22:31:39',NULL,105,4),
(242,79.90,'2025-04-25 22:31:39',NULL,105,2),
(243,79.90,'2025-04-25 22:31:46',NULL,106,3),
(244,79.90,'2025-04-25 22:31:46',NULL,106,5),
(245,79.90,'2025-04-25 22:31:46',NULL,106,1),
(246,79.90,'2025-04-25 22:31:46',NULL,106,4),
(247,79.90,'2025-04-25 22:31:46',NULL,106,2),
(248,79.90,'2025-04-25 22:40:44',NULL,107,3),
(249,79.90,'2025-04-25 22:40:44',NULL,107,5),
(250,79.90,'2025-04-25 22:40:44',NULL,107,1),
(251,79.90,'2025-04-25 22:40:44',NULL,107,4),
(252,79.90,'2025-04-25 22:40:44',NULL,107,2),
(253,79.90,'2025-04-25 22:40:51',NULL,108,3),
(254,79.90,'2025-04-25 22:40:51',NULL,108,5),
(255,79.90,'2025-04-25 22:40:51',NULL,108,1),
(256,79.90,'2025-04-25 22:40:51',NULL,108,4),
(257,79.90,'2025-04-25 22:40:51',NULL,108,2),
(258,875.00,'2025-04-29 21:38:43',NULL,112,3),
(259,875.00,'2025-04-29 21:38:43',NULL,112,5),
(260,875.00,'2025-04-29 21:38:43',NULL,112,1),
(261,875.00,'2025-04-29 21:38:43',NULL,112,4),
(262,875.00,'2025-04-29 21:38:43',NULL,112,2),
(263,875.00,'2025-04-29 21:39:00',NULL,113,3),
(264,875.00,'2025-04-29 21:39:00',NULL,113,5),
(265,875.00,'2025-04-29 21:39:00',NULL,113,1),
(266,875.00,'2025-04-29 21:39:00',NULL,113,4),
(267,875.00,'2025-04-29 21:39:00',NULL,113,2),
(268,875.00,'2025-04-29 21:39:09',NULL,114,3),
(269,875.00,'2025-04-29 21:39:09',NULL,114,5),
(270,875.00,'2025-04-29 21:39:09',NULL,114,1),
(271,875.00,'2025-04-29 21:39:09',NULL,114,4),
(272,875.00,'2025-04-29 21:39:09',NULL,114,2),
(273,875.00,'2025-04-29 21:39:15',NULL,115,3),
(274,875.00,'2025-04-29 21:39:15',NULL,115,5),
(275,875.00,'2025-04-29 21:39:15',NULL,115,1),
(276,875.00,'2025-04-29 21:39:15',NULL,115,4),
(277,875.00,'2025-04-29 21:39:15',NULL,115,2),
(288,25.00,'2025-04-30 20:04:53',NULL,116,5),
(289,25.00,'2025-04-30 20:06:26',NULL,116,3),
(290,25.00,'2025-04-30 20:06:26',NULL,116,1),
(291,25.00,'2025-04-30 20:06:26',NULL,116,4),
(292,25.00,'2025-04-30 20:06:26',NULL,116,2),
(293,29.00,'2025-04-30 20:32:29',NULL,117,3),
(294,29.00,'2025-04-30 20:32:29',NULL,117,5),
(295,29.00,'2025-04-30 20:32:29',NULL,117,1),
(296,29.00,'2025-04-30 20:32:29',NULL,117,4),
(297,29.00,'2025-04-30 20:32:29',NULL,117,2),
(298,79.90,'2025-04-30 20:32:39','2025-05-22 16:41:11',118,3),
(299,79.90,'2025-04-30 20:32:39','2025-05-22 16:41:11',118,5),
(300,79.90,'2025-04-30 20:32:39','2025-05-22 16:41:11',118,1),
(302,79.90,'2025-04-30 20:32:39','2025-05-22 16:41:11',118,2),
(303,79.90,'2025-04-30 20:34:02','2025-05-22 16:41:19',119,3),
(304,79.90,'2025-04-30 20:34:02','2025-05-22 16:41:19',119,5),
(305,79.90,'2025-04-30 20:34:02','2025-05-22 16:41:19',119,1),
(306,79.90,'2025-04-30 20:34:02','2025-05-22 16:41:19',119,4),
(307,79.90,'2025-04-30 20:34:02','2025-05-22 16:41:19',119,2),
(308,79.00,'2025-05-07 17:53:34',NULL,120,3),
(309,79.00,'2025-05-07 17:53:34',NULL,120,5),
(310,79.00,'2025-05-07 17:53:34',NULL,120,1),
(311,79.00,'2025-05-07 17:53:34',NULL,120,4),
(312,79.00,'2025-05-07 17:53:34',NULL,120,2),
(313,79.00,'2025-05-07 17:53:40',NULL,121,3),
(314,79.00,'2025-05-07 17:53:40',NULL,121,5),
(315,79.00,'2025-05-07 17:53:40',NULL,121,1),
(316,79.00,'2025-05-07 17:53:40',NULL,121,4),
(317,79.00,'2025-05-07 17:53:40',NULL,121,2),
(318,79.00,'2025-05-07 17:53:46',NULL,122,3),
(319,79.00,'2025-05-07 17:53:46',NULL,122,5),
(320,79.00,'2025-05-07 17:53:46',NULL,122,1),
(321,79.00,'2025-05-07 17:53:46',NULL,122,4),
(322,79.00,'2025-05-07 17:53:46',NULL,122,2),
(328,79.00,'2025-05-07 18:03:23',NULL,124,3),
(329,79.00,'2025-05-07 18:03:23',NULL,124,5),
(330,79.00,'2025-05-07 18:03:23',NULL,124,1),
(331,79.00,'2025-05-07 18:03:23',NULL,124,4),
(332,79.00,'2025-05-07 18:03:23',NULL,124,2),
(343,75.00,'2025-05-07 21:23:18',NULL,125,3),
(344,75.00,'2025-05-07 21:23:18',NULL,125,5),
(345,75.00,'2025-05-07 21:23:18',NULL,125,1),
(346,75.00,'2025-05-07 21:23:18',NULL,125,4),
(347,75.00,'2025-05-07 21:23:18',NULL,125,2),
(353,75.00,'2025-05-08 15:19:09',NULL,127,3),
(354,75.00,'2025-05-08 15:19:09',NULL,127,5),
(355,75.00,'2025-05-08 15:19:09',NULL,127,1),
(356,75.00,'2025-05-08 15:19:09',NULL,127,4),
(357,75.00,'2025-05-08 15:19:09',NULL,127,2),
(365,79.90,'2025-05-08 18:23:54','2025-05-22 16:42:20',97,1),
(366,79.00,'2025-05-08 18:24:03',NULL,123,2),
(370,79.90,'2025-05-09 20:06:36','2025-05-22 16:42:20',97,2),
(371,75.00,'2025-05-09 21:39:17',NULL,123,3),
(372,79.90,'2025-05-12 18:28:36','2025-05-22 16:41:26',129,2),
(373,79.90,'2025-05-12 19:03:05','2025-05-22 16:41:26',129,3),
(374,79.90,'2025-05-12 19:03:05','2025-05-22 16:41:26',129,5),
(375,79.90,'2025-05-12 19:03:05','2025-05-22 16:41:26',129,1),
(376,79.90,'2025-05-12 19:03:05','2025-05-22 16:41:26',129,4),
(377,79.90,'2025-05-12 19:03:10','2025-05-22 16:41:38',130,3),
(378,79.90,'2025-05-12 19:03:10','2025-05-22 16:41:38',130,5),
(379,79.90,'2025-05-12 19:03:10','2025-05-22 16:41:38',130,1),
(380,79.90,'2025-05-12 19:03:10','2025-05-22 16:41:38',130,4),
(381,79.90,'2025-05-12 19:03:10','2025-05-22 16:41:38',130,2),
(382,79.90,'2025-05-12 19:03:16','2025-05-22 16:41:44',131,3),
(383,79.90,'2025-05-12 19:03:16','2025-05-22 16:41:44',131,5),
(384,79.90,'2025-05-12 19:03:16','2025-05-22 16:41:44',131,1),
(385,79.90,'2025-05-12 19:03:16','2025-05-22 16:41:44',131,4),
(386,79.90,'2025-05-12 19:03:16','2025-05-22 16:41:44',131,2),
(387,79.90,'2025-05-22 19:41:11',NULL,118,4),
(388,79.90,'2025-05-22 19:41:50',NULL,132,3),
(389,79.90,'2025-05-22 19:41:50',NULL,132,5),
(390,79.90,'2025-05-22 19:41:50',NULL,132,1),
(391,79.90,'2025-05-22 19:41:50',NULL,132,4),
(392,79.90,'2025-05-22 19:41:50',NULL,132,2),
(393,79.90,'2025-05-22 19:41:58',NULL,133,3),
(394,79.90,'2025-05-22 19:41:58',NULL,133,5),
(395,79.90,'2025-05-22 19:41:58',NULL,133,1),
(396,79.90,'2025-05-22 19:41:58',NULL,133,4),
(397,79.90,'2025-05-22 19:41:58',NULL,133,2),
(398,79.90,'2025-05-22 19:42:03',NULL,134,3),
(399,79.90,'2025-05-22 19:42:03',NULL,134,5),
(400,79.90,'2025-05-22 19:42:03',NULL,134,1),
(401,79.90,'2025-05-22 19:42:03',NULL,134,4),
(402,79.90,'2025-05-22 19:42:03',NULL,134,2),
(403,79.90,'2025-05-22 19:42:13',NULL,102,4),
(404,79.90,'2025-05-22 19:42:20',NULL,97,3),
(405,79.90,'2025-05-22 19:42:20',NULL,97,5),
(406,79.90,'2025-05-22 19:42:20',NULL,97,4),
(407,79.90,'2025-05-22 19:42:31',NULL,137,3),
(408,79.90,'2025-05-22 19:42:31',NULL,137,5),
(409,79.90,'2025-05-22 19:42:31',NULL,137,1),
(410,79.90,'2025-05-22 19:42:31',NULL,137,4),
(411,79.90,'2025-05-22 19:42:31',NULL,137,2),
(412,79.90,'2025-05-22 19:42:35',NULL,138,3),
(413,79.90,'2025-05-22 19:42:35',NULL,138,5),
(414,79.90,'2025-05-22 19:42:35',NULL,138,1),
(415,79.90,'2025-05-22 19:42:35',NULL,138,4),
(416,79.90,'2025-05-22 19:42:35',NULL,138,2),
(417,79.90,'2025-05-22 19:42:39',NULL,139,3),
(418,79.90,'2025-05-22 19:42:39',NULL,139,5),
(419,79.90,'2025-05-22 19:42:39',NULL,139,1),
(420,79.90,'2025-05-22 19:42:39',NULL,139,4),
(421,79.90,'2025-05-22 19:42:39',NULL,139,2),
(422,79.90,'2025-05-22 19:42:43',NULL,140,3),
(423,79.90,'2025-05-22 19:42:43',NULL,140,5),
(424,79.90,'2025-05-22 19:42:43',NULL,140,1),
(425,79.90,'2025-05-22 19:42:43',NULL,140,4),
(426,79.90,'2025-05-22 19:42:43',NULL,140,2),
(427,79.90,'2025-05-22 19:42:51',NULL,141,3),
(428,79.90,'2025-05-22 19:42:51',NULL,141,5),
(429,79.90,'2025-05-22 19:42:51',NULL,141,1),
(430,79.90,'2025-05-22 19:42:51',NULL,141,4),
(431,79.90,'2025-05-22 19:42:51',NULL,141,2),
(432,79.90,'2025-05-22 19:42:57',NULL,142,3),
(433,79.90,'2025-05-22 19:42:57',NULL,142,5),
(434,79.90,'2025-05-22 19:42:57',NULL,142,1),
(435,79.90,'2025-05-22 19:42:57',NULL,142,4),
(436,79.90,'2025-05-22 19:42:57',NULL,142,2),
(437,79.90,'2025-05-22 19:43:03',NULL,143,3),
(438,79.90,'2025-05-22 19:43:03',NULL,143,5),
(439,79.90,'2025-05-22 19:43:03',NULL,143,1),
(440,79.90,'2025-05-22 19:43:03',NULL,143,4),
(441,79.90,'2025-05-22 19:43:03',NULL,143,2),
(442,72.50,'2025-05-22 19:43:09','2025-05-29 17:20:49',144,3),
(443,72.50,'2025-05-22 19:43:09','2025-05-29 17:20:49',144,5),
(444,72.50,'2025-05-22 19:43:09','2025-05-29 17:20:49',144,1),
(445,72.50,'2025-05-22 19:43:09','2025-05-29 17:20:49',144,4),
(446,72.50,'2025-05-22 19:43:09','2025-05-29 17:20:49',144,2),
(447,72.50,'2025-05-22 19:43:16','2025-05-29 17:21:03',147,3),
(448,72.50,'2025-05-22 19:43:16','2025-05-29 17:21:03',147,5),
(449,72.50,'2025-05-22 19:43:16','2025-05-29 17:21:03',147,1),
(450,72.50,'2025-05-22 19:43:16','2025-05-29 17:21:03',147,4),
(451,72.50,'2025-05-22 19:43:16','2025-05-29 17:21:03',147,2),
(452,79.90,'2025-05-22 19:43:23',NULL,148,3),
(453,79.90,'2025-05-22 19:43:23',NULL,148,5),
(454,79.90,'2025-05-22 19:43:23',NULL,148,1),
(455,79.90,'2025-05-22 19:43:23',NULL,148,4),
(456,79.90,'2025-05-22 19:43:23',NULL,148,2),
(457,79.90,'2025-05-22 19:43:36',NULL,152,3),
(458,79.90,'2025-05-22 19:43:36',NULL,152,5),
(459,79.90,'2025-05-22 19:43:36',NULL,152,1),
(460,79.90,'2025-05-22 19:43:36',NULL,152,4),
(461,79.90,'2025-05-22 19:43:36',NULL,152,2),
(462,79.90,'2025-05-22 19:43:40',NULL,153,3),
(463,79.90,'2025-05-22 19:43:40',NULL,153,5),
(464,79.90,'2025-05-22 19:43:40',NULL,153,1),
(465,79.90,'2025-05-22 19:43:40',NULL,153,4),
(466,79.90,'2025-05-22 19:43:40',NULL,153,2),
(467,79.90,'2025-05-22 19:43:44',NULL,154,3),
(468,79.90,'2025-05-22 19:43:44',NULL,154,5),
(469,79.90,'2025-05-22 19:43:44',NULL,154,1),
(470,79.90,'2025-05-22 19:43:44',NULL,154,4),
(471,79.90,'2025-05-22 19:43:44',NULL,154,2),
(472,85.00,'2025-05-22 19:43:47','2025-05-29 17:21:40',155,3),
(473,85.00,'2025-05-22 19:43:47','2025-05-29 17:21:40',155,5),
(474,85.00,'2025-05-22 19:43:47','2025-05-29 17:21:40',155,1),
(475,85.00,'2025-05-22 19:43:47','2025-05-29 17:21:40',155,4),
(476,85.00,'2025-05-22 19:43:47','2025-05-29 17:21:40',155,2),
(477,86.00,'2025-05-22 19:43:52','2025-05-29 17:21:22',156,3),
(478,86.00,'2025-05-22 19:43:52','2025-05-29 17:21:22',156,5),
(479,86.00,'2025-05-22 19:43:52','2025-05-29 17:21:22',156,1),
(480,86.00,'2025-05-22 19:43:52','2025-05-29 17:21:22',156,4),
(481,86.00,'2025-05-22 19:43:52','2025-05-29 17:21:22',156,2),
(482,79.90,'2025-05-22 19:44:01',NULL,157,3),
(483,79.90,'2025-05-22 19:44:01',NULL,157,5),
(484,79.90,'2025-05-22 19:44:01',NULL,157,1),
(485,79.90,'2025-05-22 19:44:01',NULL,157,4),
(486,79.90,'2025-05-22 19:44:01',NULL,157,2),
(487,79.90,'2025-05-22 19:44:08',NULL,160,3),
(488,79.90,'2025-05-22 19:44:08',NULL,160,5),
(489,79.90,'2025-05-22 19:44:08',NULL,160,1),
(490,79.90,'2025-05-22 19:44:08',NULL,160,4),
(491,79.90,'2025-05-22 19:44:08',NULL,160,2),
(492,79.90,'2025-05-22 19:44:12',NULL,161,3),
(493,79.90,'2025-05-22 19:44:12',NULL,161,5),
(494,79.90,'2025-05-22 19:44:12',NULL,161,1),
(495,79.90,'2025-05-22 19:44:12',NULL,161,4),
(496,79.90,'2025-05-22 19:44:12',NULL,161,2),
(497,79.90,'2025-05-22 19:44:17',NULL,162,3),
(498,79.90,'2025-05-22 19:44:17',NULL,162,5),
(499,79.90,'2025-05-22 19:44:17',NULL,162,1),
(500,79.90,'2025-05-22 19:44:17',NULL,162,4),
(501,79.90,'2025-05-22 19:44:17',NULL,162,2),
(502,79.90,'2025-05-22 19:44:22',NULL,163,3),
(503,79.90,'2025-05-22 19:44:22',NULL,163,5),
(504,79.90,'2025-05-22 19:44:22',NULL,163,1),
(505,79.90,'2025-05-22 19:44:22',NULL,163,4),
(506,79.90,'2025-05-22 19:44:22',NULL,163,2),
(507,79.90,'2025-05-22 19:44:27',NULL,164,3),
(508,79.90,'2025-05-22 19:44:27',NULL,164,5),
(509,79.90,'2025-05-22 19:44:27',NULL,164,1),
(510,79.90,'2025-05-22 19:44:27',NULL,164,4),
(511,79.90,'2025-05-22 19:44:27',NULL,164,2),
(512,79.90,'2025-05-22 19:44:33',NULL,165,3),
(513,79.90,'2025-05-22 19:44:33',NULL,165,5),
(514,79.90,'2025-05-22 19:44:33',NULL,165,1),
(515,79.90,'2025-05-22 19:44:33',NULL,165,4),
(516,79.90,'2025-05-22 19:44:33',NULL,165,2),
(517,79.90,'2025-05-22 19:44:39',NULL,166,3),
(518,79.90,'2025-05-22 19:44:39',NULL,166,5),
(519,79.90,'2025-05-22 19:44:39',NULL,166,1),
(520,79.90,'2025-05-22 19:44:39',NULL,166,4),
(521,79.90,'2025-05-22 19:44:39',NULL,166,2),
(522,79.90,'2025-05-22 19:44:44',NULL,167,3),
(523,79.90,'2025-05-22 19:44:44',NULL,167,5),
(524,79.90,'2025-05-22 19:44:44',NULL,167,1),
(525,79.90,'2025-05-22 19:44:44',NULL,167,4),
(526,79.90,'2025-05-22 19:44:44',NULL,167,2),
(527,79.90,'2025-05-22 19:44:51',NULL,170,3),
(528,79.90,'2025-05-22 19:44:51',NULL,170,5),
(529,79.90,'2025-05-22 19:44:51',NULL,170,1),
(530,79.90,'2025-05-22 19:44:51',NULL,170,4),
(531,79.90,'2025-05-22 19:44:51',NULL,170,2),
(532,79.90,'2025-05-22 19:44:55',NULL,171,3),
(533,79.90,'2025-05-22 19:44:55',NULL,171,5),
(534,79.90,'2025-05-22 19:44:55',NULL,171,1),
(535,79.90,'2025-05-22 19:44:55',NULL,171,4),
(536,79.90,'2025-05-22 19:44:55',NULL,171,2),
(537,79.90,'2025-05-22 19:44:59',NULL,172,3),
(538,79.90,'2025-05-22 19:44:59',NULL,172,5),
(539,79.90,'2025-05-22 19:44:59',NULL,172,1),
(540,79.90,'2025-05-22 19:44:59',NULL,172,4),
(541,79.90,'2025-05-22 19:44:59',NULL,172,2),
(542,79.90,'2025-05-22 19:45:03',NULL,173,3),
(543,79.90,'2025-05-22 19:45:03',NULL,173,5),
(544,79.90,'2025-05-22 19:45:03',NULL,173,1),
(545,79.90,'2025-05-22 19:45:03',NULL,173,4),
(546,79.90,'2025-05-22 19:45:03',NULL,173,2),
(547,79.90,'2025-05-22 19:45:07',NULL,174,3),
(548,79.90,'2025-05-22 19:45:07',NULL,174,5),
(549,79.90,'2025-05-22 19:45:07',NULL,174,1),
(550,79.90,'2025-05-22 19:45:07',NULL,174,4),
(551,79.90,'2025-05-22 19:45:07',NULL,174,2),
(552,79.90,'2025-05-22 19:45:12',NULL,175,3),
(553,79.90,'2025-05-22 19:45:12',NULL,175,5),
(554,79.90,'2025-05-22 19:45:12',NULL,175,1),
(555,79.90,'2025-05-22 19:45:12',NULL,175,4),
(556,79.90,'2025-05-22 19:45:12',NULL,175,2),
(557,79.90,'2025-05-22 19:45:16',NULL,176,3),
(558,79.90,'2025-05-22 19:45:16',NULL,176,5),
(559,79.90,'2025-05-22 19:45:16',NULL,176,1),
(560,79.90,'2025-05-22 19:45:16',NULL,176,4),
(561,79.90,'2025-05-22 19:45:16',NULL,176,2),
(562,79.90,'2025-05-22 19:45:20',NULL,177,3),
(563,79.90,'2025-05-22 19:45:20',NULL,177,5),
(564,79.90,'2025-05-22 19:45:20',NULL,177,1),
(565,79.90,'2025-05-22 19:45:20',NULL,177,4),
(566,79.90,'2025-05-22 19:45:20',NULL,177,2),
(567,79.90,'2025-05-22 19:45:27',NULL,178,3),
(568,79.90,'2025-05-22 19:45:27',NULL,178,5),
(569,79.90,'2025-05-22 19:45:27',NULL,178,1),
(570,79.90,'2025-05-22 19:45:27',NULL,178,4),
(571,79.90,'2025-05-22 19:45:27',NULL,178,2),
(572,79.90,'2025-05-22 19:45:32',NULL,179,3),
(573,79.90,'2025-05-22 19:45:32',NULL,179,5),
(574,79.90,'2025-05-22 19:45:32',NULL,179,1),
(575,79.90,'2025-05-22 19:45:32',NULL,179,4),
(576,79.90,'2025-05-22 19:45:32',NULL,179,2),
(577,79.90,'2025-05-22 19:45:37',NULL,180,3),
(578,79.90,'2025-05-22 19:45:37',NULL,180,5),
(579,79.90,'2025-05-22 19:45:37',NULL,180,1),
(580,79.90,'2025-05-22 19:45:37',NULL,180,4),
(581,79.90,'2025-05-22 19:45:37',NULL,180,2),
(582,79.90,'2025-05-22 20:17:59',NULL,135,3),
(583,79.90,'2025-05-22 20:17:59',NULL,135,5),
(584,79.90,'2025-05-22 20:17:59',NULL,135,1),
(585,79.90,'2025-05-22 20:17:59',NULL,135,4),
(586,79.90,'2025-05-22 20:17:59',NULL,135,2),
(587,79.90,'2025-05-22 20:18:04',NULL,136,3),
(588,79.90,'2025-05-22 20:18:04',NULL,136,5),
(589,79.90,'2025-05-22 20:18:04',NULL,136,1),
(590,79.90,'2025-05-22 20:18:04',NULL,136,4),
(591,79.90,'2025-05-22 20:18:04',NULL,136,2),
(592,72.50,'2025-05-22 20:18:11','2025-05-29 17:20:53',145,3),
(593,72.50,'2025-05-22 20:18:11','2025-05-29 17:20:53',145,5),
(594,72.50,'2025-05-22 20:18:11','2025-05-29 17:20:53',145,1),
(595,72.50,'2025-05-22 20:18:11','2025-05-29 17:20:53',145,4),
(596,72.50,'2025-05-22 20:18:11','2025-05-29 17:20:53',145,2),
(597,72.50,'2025-05-22 20:18:16','2025-05-29 17:20:59',146,3),
(598,72.50,'2025-05-22 20:18:16','2025-05-29 17:20:59',146,5),
(599,72.50,'2025-05-22 20:18:16','2025-05-29 17:20:59',146,1),
(600,72.50,'2025-05-22 20:18:16','2025-05-29 17:20:59',146,4),
(601,72.50,'2025-05-22 20:18:16','2025-05-29 17:20:59',146,2),
(602,79.90,'2025-05-22 20:18:24',NULL,158,3),
(603,79.90,'2025-05-22 20:18:24',NULL,158,5),
(604,79.90,'2025-05-22 20:18:24',NULL,158,1),
(605,79.90,'2025-05-22 20:18:24',NULL,158,4),
(606,79.90,'2025-05-22 20:18:24',NULL,158,2),
(607,79.90,'2025-05-22 20:18:28',NULL,159,3),
(608,79.90,'2025-05-22 20:18:28',NULL,159,5),
(609,79.90,'2025-05-22 20:18:28',NULL,159,1),
(610,79.90,'2025-05-22 20:18:28',NULL,159,4),
(611,79.90,'2025-05-22 20:18:28',NULL,159,2),
(612,79.90,'2025-05-22 20:18:37',NULL,168,3),
(613,79.90,'2025-05-22 20:18:37',NULL,168,5),
(614,79.90,'2025-05-22 20:18:37',NULL,168,1),
(615,79.90,'2025-05-22 20:18:37',NULL,168,4),
(616,79.90,'2025-05-22 20:18:37',NULL,168,2),
(617,79.90,'2025-05-22 20:18:47',NULL,169,3),
(618,79.90,'2025-05-22 20:18:47',NULL,169,5),
(619,79.90,'2025-05-22 20:18:47',NULL,169,1),
(620,79.90,'2025-05-22 20:18:47',NULL,169,4),
(621,79.90,'2025-05-22 20:18:47',NULL,169,2),
(622,158.33,'2025-05-23 15:03:59',NULL,181,2),
(623,158.33,'2025-05-23 15:04:10',NULL,182,2),
(624,158.33,'2025-05-23 15:04:18',NULL,183,2),
(625,158.33,'2025-05-23 15:04:21',NULL,184,2),
(626,25.00,'2025-05-23 15:44:15',NULL,185,2),
(627,25.00,'2025-05-23 15:44:22',NULL,186,2),
(628,25.00,'2025-05-23 15:44:31',NULL,187,2),
(629,25.00,'2025-05-23 15:44:36',NULL,188,2),
(630,25.00,'2025-05-23 15:44:41',NULL,189,2),
(631,108.33,'2025-05-23 16:20:38',NULL,190,2),
(632,108.33,'2025-05-23 16:20:46',NULL,191,2),
(633,108.33,'2025-05-23 16:20:51',NULL,192,2),
(634,108.33,'2025-05-23 16:20:56',NULL,193,2),
(635,108.33,'2025-05-23 16:21:03',NULL,194,2),
(636,91.67,'2025-05-23 16:32:16',NULL,195,2),
(637,91.67,'2025-05-23 16:32:21',NULL,196,2),
(638,91.67,'2025-05-23 16:32:41',NULL,197,2),
(639,91.67,'2025-05-23 16:32:47',NULL,198,2),
(640,91.67,'2025-05-23 16:32:53',NULL,199,2),
(641,79.17,'2025-05-23 16:40:53',NULL,200,2),
(642,79.17,'2025-05-23 16:41:01',NULL,201,2),
(643,79.17,'2025-05-23 16:41:07',NULL,202,2),
(644,79.17,'2025-05-23 16:41:36',NULL,203,2),
(645,79.17,'2025-05-23 16:41:43',NULL,204,2),
(646,19.17,'2025-05-23 17:08:34',NULL,215,2),
(647,19.17,'2025-05-23 17:08:42',NULL,216,2),
(648,19.17,'2025-05-23 17:08:48',NULL,217,2),
(649,19.17,'2025-05-23 17:08:55',NULL,218,2),
(650,19.17,'2025-05-23 17:09:02',NULL,219,2),
(651,25.00,'2025-05-23 17:20:28',NULL,220,2),
(652,25.00,'2025-05-23 17:20:31',NULL,221,2),
(653,25.00,'2025-05-23 17:20:36',NULL,222,2),
(654,25.00,'2025-05-23 17:20:40',NULL,223,2),
(655,25.00,'2025-05-23 17:20:43',NULL,224,2),
(656,62.92,'2025-05-23 17:42:24',NULL,230,2),
(657,62.92,'2025-05-23 17:42:31',NULL,231,2),
(658,62.92,'2025-05-23 17:42:37',NULL,232,2),
(659,62.92,'2025-05-23 17:42:42',NULL,233,2),
(660,62.92,'2025-05-23 17:42:47',NULL,234,2),
(661,70.00,'2025-05-23 18:05:07',NULL,235,2),
(662,70.00,'2025-05-23 18:05:13',NULL,236,2),
(663,70.00,'2025-05-23 18:05:19',NULL,237,2),
(664,70.00,'2025-05-23 18:05:24',NULL,238,2),
(665,70.00,'2025-05-23 18:05:31',NULL,239,2),
(666,79.92,'2025-05-23 18:18:06',NULL,240,2),
(667,79.92,'2025-05-23 18:18:15',NULL,241,2),
(668,79.92,'2025-05-23 18:18:23',NULL,242,2),
(669,79.92,'2025-05-23 18:18:28',NULL,243,2),
(670,79.92,'2025-05-23 18:18:32',NULL,244,2),
(671,20.83,'2025-05-23 21:37:56',NULL,225,2),
(672,20.83,'2025-05-23 21:38:01',NULL,226,2),
(673,20.83,'2025-05-23 21:38:07',NULL,228,2),
(674,20.83,'2025-05-23 21:38:11',NULL,229,2),
(675,20.83,'2025-05-23 21:38:21',NULL,227,2),
(676,166.67,'2025-05-23 21:38:51',NULL,214,2),
(677,166.67,'2025-05-23 21:38:55',NULL,213,2),
(678,166.67,'2025-05-23 21:39:02',NULL,210,2),
(679,166.67,'2025-05-23 21:39:08',NULL,211,2),
(680,166.67,'2025-05-23 21:39:14',NULL,212,2),
(681,85.00,'2025-05-29 20:21:44',NULL,245,3),
(682,85.00,'2025-05-29 20:21:44',NULL,245,5),
(683,85.00,'2025-05-29 20:21:44',NULL,245,1),
(684,85.00,'2025-05-29 20:21:44',NULL,245,4),
(685,85.00,'2025-05-29 20:21:44',NULL,245,2),
(686,85.00,'2025-05-29 20:21:50',NULL,246,3),
(687,85.00,'2025-05-29 20:21:50',NULL,246,5),
(688,85.00,'2025-05-29 20:21:50',NULL,246,1),
(689,85.00,'2025-05-29 20:21:50',NULL,246,4),
(690,85.00,'2025-05-29 20:21:50',NULL,246,2),
(691,85.00,'2025-05-29 20:21:57',NULL,247,3),
(692,85.00,'2025-05-29 20:21:57',NULL,247,5),
(693,85.00,'2025-05-29 20:21:57',NULL,247,1),
(694,85.00,'2025-05-29 20:21:57',NULL,247,4),
(695,85.00,'2025-05-29 20:21:57',NULL,247,2);
/*!40000 ALTER TABLE `price_tables_skus` ENABLE KEYS */;
UNLOCK TABLES;

--
-- Table structure for table `products`
--

DROP TABLE IF EXISTS `products`;
/*!40101 SET @saved_cs_client     = @@character_set_client */;
/*!40101 SET character_set_client = utf8mb4 */;
CREATE TABLE `products` (
  `id` int(11) NOT NULL AUTO_INCREMENT,
  `name` varchar(255) NOT NULL,
  `reference` varchar(30) NOT NULL,
  `type` enum('NACIONAL','IMPORTADO') NOT NULL,
  `gender` enum('MASCULINO','FEMININO','INFANTIL','JUVENIL','UNISSEX','FAT','OUTRO') NOT NULL,
  `prompt_delivery` tinyint(1) NOT NULL,
  `description` varchar(255) DEFAULT NULL,
  `company_id` int(11) NOT NULL,
  `erp_id` varchar(37) DEFAULT NULL,
  `brand_id` int(11) NOT NULL,
  `deadline_id` int(11) DEFAULT NULL,
  `created_at` timestamp NOT NULL DEFAULT current_timestamp(),
  `updated_at` timestamp NULL DEFAULT NULL ON UPDATE current_timestamp(),
  `deleted_at` timestamp NULL DEFAULT NULL,
  `category_id` int(10) unsigned NOT NULL,
  `subcategory_id` int(10) unsigned DEFAULT NULL,
  `category_order` tinyint(4) DEFAULT 0,
  `composition_data` varchar(255) DEFAULT NULL,
  `technical_information` varchar(255) DEFAULT NULL,
  `open_grid` tinyint(1) NOT NULL DEFAULT 0,
  `ipi` decimal(5,4) NOT NULL DEFAULT 0.0000,
  `is_discontinued` tinyint(1) NOT NULL DEFAULT 0,
  `is_launch` tinyint(1) NOT NULL DEFAULT 0,
  `is_visible` tinyint(1) NOT NULL DEFAULT 1,
  `colection` varchar(255) DEFAULT NULL,
  `st` decimal(5,4) NOT NULL DEFAULT 0.0000,
  PRIMARY KEY (`id`),
  UNIQUE KEY `products_erpId_companyId_key` (`erp_id`,`company_id`),
  KEY `products_brandId_fkey` (`brand_id`),
  KEY `products_companyId_fkey` (`company_id`),
  KEY `products_deadlineId_fkey` (`deadline_id`),
  KEY `fk_categories_products` (`category_id`),
  KEY `fk_subcategories_products` (`subcategory_id`),
  CONSTRAINT `fk_brands_company` FOREIGN KEY (`brand_id`) REFERENCES `brands` (`id`) ON DELETE CASCADE ON UPDATE CASCADE,
  CONSTRAINT `fk_categories_products` FOREIGN KEY (`category_id`) REFERENCES `categories` (`id`) ON DELETE CASCADE ON UPDATE CASCADE,
  CONSTRAINT `fk_products_company` FOREIGN KEY (`company_id`) REFERENCES `companies` (`id`) ON DELETE CASCADE ON UPDATE CASCADE,
  CONSTRAINT `fk_products_deadline` FOREIGN KEY (`deadline_id`) REFERENCES `deadlines` (`id`) ON UPDATE CASCADE,
  CONSTRAINT `fk_subcategories_products` FOREIGN KEY (`subcategory_id`) REFERENCES `subcategories` (`id`) ON DELETE CASCADE ON UPDATE CASCADE
) ENGINE=InnoDB AUTO_INCREMENT=86 DEFAULT CHARSET=utf8mb4 COLLATE=utf8mb4_unicode_ci;
/*!40101 SET character_set_client = @saved_cs_client */;

--
-- Dumping data for table `products`
--

LOCK TABLES `products` WRITE;
/*!40000 ALTER TABLE `products` DISABLE KEYS */;
INSERT INTO `products` VALUES
(1,'Camisola','12.12.33','NACIONAL','FEMININO',1,'Sinta-se sex, leve e solta.',1,NULL,1,58,'2025-02-21 17:01:57','2025-05-23 17:29:42','2025-03-28 19:24:40',1,46,0,NULL,NULL,0,0.0000,0,0,1,NULL,0.0000),
(4,'Camiseta Violeta Cinza Urbano','15.25.0001','NACIONAL','MASCULINO',1,NULL,1,NULL,1,58,'2025-02-21 19:39:07','2025-05-23 17:29:42','2025-04-25 17:41:50',1,46,0,NULL,NULL,0,0.0000,0,0,1,NULL,0.0000),
(5,'Camiseta azul caneta','15.25.0002','NACIONAL','MASCULINO',1,NULL,1,NULL,1,58,'2025-02-21 20:02:43','2025-05-23 17:29:42','2025-04-25 17:41:45',1,46,0,NULL,NULL,0,0.0000,0,0,1,NULL,0.0000),
(9,'Camiseta rosa','77.12.2','IMPORTADO','UNISSEX',0,'Leve com lindas estampas de carrinhos azuis.',1,NULL,112,58,'2025-02-24 16:32:35','2025-05-23 17:29:42','2025-04-25 17:41:37',1,46,0,'100% algodão','Feita com os melhores pelos de ovelhas que bebem whisky',1,0.0000,0,0,1,'',0.0000),
(23,'Teste','Piticas prod.','NACIONAL','UNISSEX',1,'',1,NULL,6,58,'2025-03-04 22:57:49','2025-05-23 17:29:42','2025-05-07 18:13:23',1,46,0,'','',1,0.0000,0,0,1,'',0.0000),
(24,'Moleton','moleton','NACIONAL','MASCULINO',1,NULL,1,NULL,6,58,'2025-03-05 15:07:41','2025-05-23 17:29:42','2025-05-07 18:13:23',1,46,0,NULL,NULL,1,0.0000,0,0,1,NULL,0.3000),
(25,'Sonic','sonic','NACIONAL','MASCULINO',1,'Confortável e leve',1,NULL,1,58,'2025-03-05 17:54:37','2025-05-23 17:29:42','2025-03-28 19:24:40',1,46,0,'-','-',0,0.0000,0,0,0,NULL,0.0000),
(26,'Nike Shocks','15.25.0004','NACIONAL','MASCULINO',1,'Super elegante',1,NULL,1,58,'2025-03-05 20:33:51','2025-05-23 17:29:42','2025-04-25 17:41:16',1,46,0,'pano e plastico','tem molas',1,0.0000,0,0,1,NULL,0.0000),
(27,'Mizuno Wave Vitality 4','12.00.0001','NACIONAL','FAT',1,'Mizuno Vitality possui a tecnologia Mizuno Wave, é uma placa WAVE em TPU que proporciona maior estabilidade e absorção de impacto.',1,NULL,6,58,'2025-03-05 21:36:21','2025-05-23 17:29:42','2025-05-07 18:13:23',1,46,0,'-','Peso: 332g Ref. núm. 40 (O peso do produto varia de acordo com a numeração)',1,0.0000,0,0,1,'',0.0000),
(28,'Camiseta com bordado \"H\"','H072025HA01XS','IMPORTADO','MASCULINO',1,'Os materiais usados nesta peça foram cuidadosamente selecionados.',1,NULL,1,58,'2025-03-06 19:34:16','2025-05-23 17:29:42','2025-03-28 19:24:40',1,46,0,'100% algodão','- Bolso frontal\n- Bordado \"H\"',1,0.0000,1,1,1,NULL,0.0000),
(30,'Camiseta com bolso bordado','H4H4615DA9038','IMPORTADO','FEMININO',1,'Essa peça é fiel ao tamanho.\nFeito na França',1,NULL,1,58,'2025-03-06 20:37:58','2025-05-23 17:29:42','2025-03-28 19:24:40',1,46,0,'100% algodão','- Gola redonda com acabamento canelado\n- Bolso frontal com bordado \"Mosaïque\"',1,0.0000,0,1,1,NULL,0.0000),
(31,'Sobrecamisa \"Devant cuir empreinte sellier\"','H467310HA01ME','NACIONAL','MASCULINO',1,'Modelo tem 1,88 m / 6\'1\" de altura e veste tamanho M.\n\nOutras peças do look:\n- Suéter com gola redonda \"Détail H\" (H467045HA81)\n- Calça jeans com bolsos sombreados (H465420H602)',1,NULL,1,58,'2025-03-06 21:01:00','2025-05-23 17:29:42','2025-03-28 19:24:40',1,46,0,'100% couro de bezerro Sport','- Bolso de aba frontal com botões e fecho de pressão\n- Parte frontal em couro\n- Um fio finuras 5 e 7',1,0.0000,0,1,1,NULL,0.0000),
(32,'Tênis Trail 2','H191395ZH1W420','IMPORTADO','MASCULINO',1,'Sola em borracha preta\nEntressola em borracha branca\nEnchimentos em borracha preta\nEstabilizador traseiro em couro preto\nPalmilha e forro em couro de carneiro natural',1,NULL,1,58,'2025-03-06 21:39:48','2025-05-23 17:29:42','2025-03-28 19:24:40',1,46,0,'','',1,0.0000,1,0,1,'',0.0000),
(33,'Camiseta gabriel','15.25.0005','NACIONAL','UNISSEX',1,'Cabelo cacheado',1,NULL,1,58,'2025-03-10 19:20:48','2025-05-23 17:29:42','2025-04-25 17:41:11',1,46,0,'','',1,0.0000,0,1,1,'',0.0000),
(38,'wwwwwwwwwwwwwwwwwwwwwwwwwww','18.48.4689','NACIONAL','INFANTIL',1,'descrição',1,NULL,6,58,'2025-03-19 17:16:01','2025-05-23 17:29:42','2025-05-07 18:13:23',1,46,0,'composição','infos',1,0.0000,0,0,1,'coleção',0.0000),
(40,'TESTE','154798765','IMPORTADO','MASCULINO',0,'',1,NULL,6,58,'2025-03-19 18:10:37','2025-05-23 17:29:42','2025-05-07 18:13:23',1,46,0,'','',0,0.0000,0,0,1,'',0.0000),
(41,'The Flash','12.4579.45','NACIONAL','MASCULINO',0,'Camiseta the flash',1,NULL,6,58,'2025-03-19 20:17:20','2025-05-23 17:29:42','2025-05-07 18:13:23',1,46,0,'poliester','',0,0.0000,0,0,1,'Heróis',0.0000),
(42,'teste','135468798','NACIONAL','MASCULINO',1,NULL,1,NULL,6,58,'2025-03-19 23:02:32','2025-05-23 17:29:42','2025-05-07 18:13:23',1,46,0,NULL,NULL,0,0.0000,0,0,1,NULL,0.0000),
(43,'Camiseta One Piece Luffy Wanted','01.00.0001','IMPORTADO','MASCULINO',0,'Camiseta branca One Piece Luffy Wanted Algodão Unissex.',1,NULL,6,58,'2025-04-25 21:19:41','2025-05-23 17:29:42',NULL,1,46,0,'Composição do tecido:\n100% Algodão\n\nDetalhes adicionais: Etiqueta: Emborrachada Acabamento: Costura reforçada, com acabamento em viés Estampa: Silkscreen ou impressão digital','Material: Algodão 100% Modelo: Luffy Wanted Cor: Branco Tamanho: P, M, G Estilo: Manga curta Tipo de estampagem: Impressão digital Ajuste: Regular',0,0.0100,0,1,1,'One Piece',0.0100),
(44,'Camiseta Chainsaw Man Pochita','01.00.0002','IMPORTADO','UNISSEX',0,'Camiseta Chainsaw Man Pochita',1,NULL,6,58,'2025-04-25 21:50:59','2025-05-23 17:29:42',NULL,1,46,0,'Etiqueta: Emborrachada\nAcabamento: Costura reforçada, com acabamento em viés\nEstampa: Impressão digital','100% Algodão',0,0.0000,0,1,1,'Chainsaw Man',0.0000),
(45,'Camiseta Star Wars Baby Yoda e Din Djarin White','01.00.0003','IMPORTADO','UNISSEX',0,'Camiseta Star Wars Baby Yoda e Din Djarin Branca',1,NULL,6,58,'2025-04-25 22:07:13','2025-05-23 17:29:42','2025-05-22 14:45:27',1,47,0,'Etiqueta: Emborrachada\nAcabamento: Costura reforçada, com acabamento em viés\nEstampa: Silkscreen ou impressão digital','100% Algodão',0,0.0000,0,0,1,'Star Wars',0.0000),
(46,'Camiseta Disney Personagens Emoji White','01.00.0004','IMPORTADO','FEMININO',0,'Camiseta Disney Personagens Emoji Branca',1,NULL,6,58,'2025-04-25 22:09:57','2025-05-23 17:29:42','2025-05-07 18:13:23',1,47,0,'Etiqueta: Emborrachada\nAcabamento: Costura reforçada, com acabamento em viés\nEstampa: Silkscreen ou impressão digital','100% Algodão',1,0.0000,0,1,1,'Emoji o Filme',0.0000),
(47,'Calça Bob Esponja','15.15.0000','NACIONAL','OUTRO',1,'teste',11,NULL,116,63,'2025-04-29 18:10:03','2025-05-23 17:30:06','2025-05-23 12:36:35',26,50,0,'teste','teste',1,0.0000,1,1,1,'teste',0.0000),
(48,'Calça Quadrada','01.00.0005','IMPORTADO','FAT',0,'Uma calça quadrada que foi usada pelo próprio Bob Esponja!',1,NULL,6,58,'2025-04-29 21:28:50','2025-05-23 17:29:42','2025-05-22 14:45:10',27,51,0,'Apenas calça quadrada perfeita com uma gravata elegante vermelha.','100% Quadrado',1,2.5000,0,0,1,'Spongebob Universe',2.5000),
(50,'Camiseta','15.45.6589','NACIONAL','FEMININO',0,'',1,NULL,6,58,'2025-04-30 20:01:37','2025-05-23 17:29:42','2025-05-07 18:13:23',1,47,0,'','',1,0.0000,0,0,1,'',0.0000),
(51,'Blusa Moletom Masculina Gola Careca Polo Wear Vermelho Médio','02.00.0123','IMPORTADO','MASCULINO',1,'Moletom Vermelho Polo',1,NULL,114,58,'2025-04-30 20:31:44','2025-05-23 17:46:28',NULL,1,46,0,'Moletom, Polo ','Vermelho, Polo, Moletom',1,0.0000,0,0,1,'Vermelhos',0.0000),
(52,'Camiseta Jujutsu','12.34.5600','IMPORTADO','MASCULINO',0,NULL,1,NULL,6,58,'2025-05-02 18:00:21','2025-05-23 17:29:42','2025-05-07 18:13:23',1,46,0,NULL,NULL,0,3.0000,0,0,1,NULL,2.0000),
(58,'Camiseta Disney Stitch Summer Vacation','01.00.0020','IMPORTADO','MASCULINO',1,'Novidade na loja Piticas, poucas unidades restantes!\n',1,NULL,6,58,'2025-05-22 17:53:55','2025-05-27 19:56:21',NULL,1,47,0,'100% Algodão.','Etiqueta emborrachada.\n',0,0.0200,0,0,1,'Piticas POP/Anime/Rock.\n',0.0000),
(59,'Camiseta Disney Stitch Out Of This World','01.00.0021','NACIONAL','FEMININO',0,'Novidade na loja Piticas, poucas unidades restantes!\n',1,NULL,6,58,'2025-05-22 17:58:01','2025-05-27 19:56:20',NULL,1,47,0,'100% Algodão.\n','Etiqueta emborrachada.\n',0,0.0100,0,1,1,'Piticas POP/Anime/Rock.\n',0.0000),
(60,'Camiseta Feminina Disney Stitch Mood Good Vs Evil','01.00.0022','NACIONAL','FEMININO',1,'Novidade na loja Piticas, poucas unidades restantes!\n',1,NULL,6,58,'2025-05-22 18:00:27','2025-05-27 19:56:20',NULL,1,47,0,'100% Algodão.\n','Etiqueta emborrachada.\n',0,0.0100,0,0,1,'Piticas POP/Anime/Rock.\n',0.0000),
(61,'Camiseta Disney Stitch Music Therapy','99.99.9998','NACIONAL','FEMININO',1,'Novidade na loja Piticas, poucas unidades restantes!\n',1,NULL,6,58,'2025-05-22 18:03:00','2025-05-29 20:18:48',NULL,1,47,0,'100% Algodão.\n','Etiqueta emborrachada.\n',0,0.0000,0,0,1,'Piticas POP/Anime/Rock.\n',0.0000),
(62,'Camiseta Feminina Disney Stitch Stickers','01.00.0025','IMPORTADO','FEMININO',0,'Novidade na loja Piticas, poucas unidades restantes!\n',1,NULL,6,58,'2025-05-22 18:04:51','2025-05-27 19:56:19',NULL,1,47,0,'100% Algodão.\n','Etiqueta emborrachada.\n',0,0.0200,0,0,1,'Piticas POP/Anime/Rock.\n',0.0000),
(63,'Camiseta Spy X Family Anya Forger Eyes Black','01.00.0026','IMPORTADO','FEMININO',1,'Novidade na loja Piticas, poucas unidades restantes!\n',1,NULL,6,58,'2025-05-22 18:06:27','2025-05-27 19:56:19',NULL,1,46,0,'100% Algodão.\n','Etiqueta emborrachada.\n',0,0.0000,0,1,1,'Piticas POP/Anime/Rock.\n',0.0000),
(64,'Camiseta Marvel Homem Aranha Spider','01.00.0027','IMPORTADO','MASCULINO',1,'Novidade na loja Piticas, poucas unidades restantes!\n',1,NULL,6,58,'2025-05-22 18:08:36','2025-05-23 17:29:42',NULL,1,47,0,'100% Algodão.\n','Etiqueta emborrachada.\n',0,0.0000,0,0,1,'Piticas POP/Anime/Rock.\n',0.0000),
(65,'Camiseta Demon Slayer Nezuko Kamado White','01.00.0028','NACIONAL','FEMININO',0,'Novidade na loja Piticas, poucas unidades restantes!\n',1,NULL,6,58,'2025-05-22 18:10:17','2025-05-27 19:56:18',NULL,1,46,0,'100% Algodão.\n','Etiqueta emborrachada.\n',0,0.0300,0,0,1,'Piticas POP/Anime/Rock.\n',0.0000),
(66,'Camiseta Disney Minnie e Mickey Retro','99.99.9997','IMPORTADO','FEMININO',1,'Novidade na loja Piticas, poucas unidades restantes!\n',1,NULL,6,58,'2025-05-22 18:13:04','2025-05-29 20:20:25',NULL,1,53,0,'100% Algodão.\n','Etiqueta emborrachada.\n',1,0.0000,0,0,1,'Piticas POP/Anime/Rock.\n',0.0000),
(67,'Camiseta Rock Hits Metallica Master Of Puppets 2','99.99.9999','NACIONAL','UNISSEX',1,'Novidade na loja Piticas, poucas unidades restantes!\n',1,NULL,6,58,'2025-05-22 18:15:09','2025-05-29 20:16:28',NULL,1,54,0,'100% Algodão.\n','Etiqueta emborrachada.\n',0,0.0100,0,1,1,'Piticas POP/Anime/Rock.\n',0.0200),
(68,'Camiseta Rock Hits Kiss Integrantes','01.00.0031','IMPORTADO','UNISSEX',0,'Novidade na loja Piticas, poucas unidades restantes!\n',1,NULL,6,58,'2025-05-22 18:16:56','2025-05-27 19:56:18',NULL,1,54,0,'100% Algodão.\n','Etiqueta emborrachada.\n',1,0.0200,0,0,1,'Piticas POP/Anime/Rock.\n',0.0000),
(69,'Camiseta Naruto Kakashi Sensei Chibi','01.00.0032','IMPORTADO','UNISSEX',1,'Novidade na loja Piticas, poucas unidades restantes!\n',1,NULL,6,58,'2025-05-22 18:18:45','2025-05-27 19:56:18',NULL,1,46,0,'100% Algodão.\n','Etiqueta emborrachada.\n',1,0.0000,0,0,1,'Piticas POP/Anime/Rock.\n',0.0000),
(70,'Camiseta Rock Hits Iron Maiden Powerslave','01.00.0033','IMPORTADO','UNISSEX',1,'Novidade na loja Piticas, poucas unidades restantes!\n',1,NULL,6,58,'2025-05-22 18:21:21','2025-05-27 19:56:17',NULL,1,54,0,'100% Algodão.\n','Etiqueta emborrachada.\n',1,0.0100,0,0,1,'Piticas POP/Anime/Rock.\n',0.0000),
(71,'Camiseta Harry Potter O Trio de Ouro','01.00.0034','NACIONAL','FEMININO',0,'Novidade na loja Piticas, poucas unidades restantes!\n',1,NULL,6,58,'2025-05-22 18:23:06','2025-05-27 19:56:17',NULL,1,47,0,'100% Algodão.\n','Etiqueta emborrachada.\n',1,0.0200,0,1,1,'Piticas POP/Anime/Rock.\n',0.0000),
(72,'Camiseta Jujutsu Kaisen Fushiguro Megumi Divine Dogs','01.00.0035','NACIONAL','MASCULINO',0,'Novidade na loja Piticas, poucas unidades restantes!\n',1,NULL,6,58,'2025-05-22 18:25:17','2025-05-27 19:56:16',NULL,1,46,0,'100% Algodão.\n','Etiqueta emborrachada.\n',1,0.0100,0,0,1,'Piticas POP/Anime/Rock.\n',0.0000),
(73,'Camiseta Demon Slayer Hashira da Água Giyu Tomioka','01.00.0036','NACIONAL','MASCULINO',1,'Novidade na loja Piticas, poucas unidades restantes!\n',1,NULL,6,58,'2025-05-22 18:27:05','2025-05-23 17:29:42',NULL,1,46,0,'100% Algodão.\n','Etiqueta emborrachada.\n',1,0.0000,0,1,1,'Piticas POP/Anime/Rock.\n',0.0000),
(74,'Jaqueta Ocre','22.55.1234','NACIONAL','MASCULINO',1,'',1,NULL,6,58,'2025-05-23 15:02:52','2025-05-23 21:31:38',NULL,29,NULL,0,'','',0,0.0000,0,0,1,'',0.0000),
(75,'Camiseta','12.12.2222','NACIONAL','MASCULINO',1,'',1,NULL,6,58,'2025-05-23 15:43:17','2025-05-23 17:29:42',NULL,1,56,0,'','',0,0.0000,0,0,1,'',0.0000),
(76,'Moletom Polo','13.13.1313','NACIONAL','MASCULINO',1,NULL,1,NULL,6,58,'2025-05-23 16:20:14','2025-05-23 17:29:42',NULL,30,58,0,NULL,NULL,0,0.0000,0,0,1,NULL,0.0000),
(77,'Moletom Vermelho Canguru','15.16.1718','NACIONAL','MASCULINO',1,'',1,NULL,6,58,'2025-05-23 16:31:45','2025-05-23 21:28:22',NULL,30,58,0,'','',0,0.0000,0,0,1,'',0.0000),
(78,'Moletom Azul com Gorro','01.02.0304','NACIONAL','MASCULINO',1,'',1,NULL,6,58,'2025-05-23 16:40:34','2025-05-23 21:31:15',NULL,30,58,0,'','',0,0.0000,0,0,1,'',0.0000),
(79,'Jaqueta Masculina Off-White','02.03.0405','NACIONAL','MASCULINO',0,'',1,NULL,6,58,'2025-05-23 16:45:44','2025-05-23 21:28:51',NULL,30,59,0,'','',0,0.0000,0,0,1,'',0.0000),
(80,'Camiseta Azul','03.04.0506','NACIONAL','FEMININO',1,'',1,NULL,6,58,'2025-05-23 17:08:11','2025-05-23 21:31:05',NULL,1,56,0,'','',0,0.0000,0,0,1,'',0.0000),
(81,'Camiseta Preta','05.06.0708','NACIONAL','MASCULINO',0,NULL,1,NULL,6,58,'2025-05-23 17:20:06','2025-05-23 17:29:42',NULL,1,56,0,NULL,NULL,0,0.0000,0,0,1,NULL,0.0000),
(82,'Camiseta Preta Onça','06.07.0809','NACIONAL','FEMININO',0,'',1,NULL,6,58,'2025-05-23 17:24:51','2025-05-23 21:29:19',NULL,1,56,0,'','',0,0.0000,0,0,1,'',0.0000),
(83,'Suéter com Zíper','07.08.0910','NACIONAL','MASCULINO',1,'',1,NULL,6,58,'2025-05-23 17:41:21','2025-05-23 21:34:18',NULL,31,60,0,'','',0,0.0000,0,0,1,'',0.0000),
(84,'Moletom Preto Com Zíper','08.09.1011','NACIONAL','MASCULINO',1,'',1,NULL,6,58,'2025-05-23 18:04:48','2025-05-23 21:33:59',NULL,30,59,0,'','',0,0.0000,0,0,1,'',0.0000),
(85,'Suéter Cinza','09.10.1112','NACIONAL','MASCULINO',1,'',1,NULL,6,58,'2025-05-23 18:17:47','2025-05-23 19:30:51',NULL,31,60,0,'','',0,0.0000,0,0,1,'',0.0000);
/*!40000 ALTER TABLE `products` ENABLE KEYS */;
UNLOCK TABLES;

--
-- Table structure for table `skus`
--

DROP TABLE IF EXISTS `skus`;
/*!40101 SET @saved_cs_client     = @@character_set_client */;
/*!40101 SET character_set_client = utf8mb4 */;
CREATE TABLE `skus` (
  `id` int(11) NOT NULL AUTO_INCREMENT,
  `size` varchar(10) NOT NULL,
  `stock` int(11) NOT NULL,
  `price` decimal(10,2) NOT NULL,
  `code` varchar(13) NOT NULL,
  `min_quantity` int(11) DEFAULT 1,
  `multiple_quantity` int(11) NOT NULL,
  `erpId` varchar(50) DEFAULT NULL,
  `variant_id` int(11) NOT NULL,
  `cest` varchar(50) DEFAULT NULL,
  `height` double DEFAULT NULL,
  `length` double DEFAULT NULL,
  `ncm` varchar(50) DEFAULT NULL,
  `weight` double DEFAULT NULL,
  `width` double DEFAULT NULL,
  `created_at` datetime NOT NULL DEFAULT current_timestamp(),
  `updated_at` datetime DEFAULT NULL,
  `deleted_at` datetime DEFAULT NULL,
  PRIMARY KEY (`id`),
  UNIQUE KEY `skus_erpId_key` (`erpId`),
  KEY `skus_variant_id_fkey` (`variant_id`),
  CONSTRAINT `skus_variant_id_fkey` FOREIGN KEY (`variant_id`) REFERENCES `variants` (`id`) ON UPDATE CASCADE
) ENGINE=InnoDB AUTO_INCREMENT=248 DEFAULT CHARSET=utf8mb4 COLLATE=utf8mb4_unicode_ci;
/*!40101 SET character_set_client = @saved_cs_client */;

--
-- Dumping data for table `skus`
--

LOCK TABLES `skus` WRITE;
/*!40000 ALTER TABLE `skus` DISABLE KEYS */;
INSERT INTO `skus` VALUES
(7,'P',21,79.50,'50',2,2,NULL,3,'50',50,50,'50',50,50,'2025-03-04 19:57:51','2025-03-26 14:04:23',NULL),
(8,'M',21,39.00,'50',2,2,NULL,3,'50',50,50,'50',50,50,'2025-03-04 19:57:51','2025-03-26 14:04:25',NULL),
(9,'G',21,39.00,'50',2,2,NULL,4,'50',50,50,'50',50,50,'2025-03-04 19:57:53','2025-03-26 14:04:26',NULL),
(10,'GG',21,39.00,'50',2,2,NULL,4,'50',50,50,'50',50,50,'2025-03-04 19:57:53','2025-03-26 14:04:27',NULL),
(11,'P',21,50.00,'50',2,2,NULL,5,'50',50,50,'50',50,50,'2025-03-05 12:07:43','2025-03-05 12:07:43',NULL),
(12,'M',21,50.00,'50',2,2,NULL,5,'50',50,50,'50',50,50,'2025-03-05 12:07:43','2025-03-05 12:07:43',NULL),
(13,'G',21,50.00,'50',2,2,NULL,6,'50',50,50,'50',50,50,'2025-03-05 12:07:45','2025-03-05 12:07:45',NULL),
(14,'GG',21,50.00,'50',2,2,NULL,6,'50',50,50,'50',50,50,'2025-03-05 12:07:45','2025-03-05 12:07:45',NULL),
(15,'GG',21,50.00,'50',2,2,NULL,7,'50',50,50,'50',50,50,'2025-03-05 12:07:47','2025-03-05 12:07:47',NULL),
(16,'28',21,50.00,'50',2,2,NULL,8,'50',50,50,'50',50,50,'2025-03-05 14:54:40','2025-03-05 14:54:40',NULL),
(17,'38',21,50.00,'50',2,2,NULL,9,'50',50,50,'50',50,50,'2025-03-05 17:33:54','2025-03-05 17:33:54',NULL),
(18,'38',21,50.00,'50',2,2,NULL,10,'50',50,50,'50',50,50,'2025-03-05 18:36:24','2025-03-26 15:05:03',NULL),
(19,'40',21,50.00,'50',2,2,NULL,10,'50',50,50,'50',50,50,'2025-03-05 18:36:24','2025-03-26 15:05:05',NULL),
(20,'38',21,50.00,'123456789',2,2,NULL,11,'50',50,50,'50',50,50,'2025-03-05 18:36:26','2025-03-26 15:05:06',NULL),
(21,'40',21,50.00,'123456789',2,2,NULL,11,'50',50,50,'50',50,50,'2025-03-05 18:36:26','2025-03-26 15:05:07',NULL),
(45,'P',21,1200.00,'50',2,2,NULL,21,'50',50,50,'50',50,60,'2025-03-10 16:20:52','2025-03-31 13:43:52',NULL),
(46,'G',21,1200.00,'50',2,2,NULL,21,'50',50,50,'50',50,70,'2025-03-10 16:20:52','2025-03-31 13:43:53',NULL),
(68,'b',21,1.00,'1',2,2,NULL,41,NULL,NULL,NULL,NULL,NULL,NULL,'2025-03-19 19:49:23','2025-03-19 19:49:23',NULL),
(70,'teste3',21,2.00,'2',2,2,NULL,45,NULL,2,NULL,NULL,NULL,NULL,'2025-03-19 20:02:35','2025-03-19 20:02:35',NULL),
(71,'fica',21,2.00,'2',2,2,NULL,46,NULL,NULL,NULL,NULL,NULL,NULL,'2025-03-20 13:17:11','2025-03-20 13:18:37',NULL),
(79,'M',21,24.99,'789456123',2,2,NULL,50,NULL,NULL,NULL,NULL,NULL,NULL,'2025-03-20 17:08:07','2025-03-20 17:11:03',NULL),
(80,'G',21,24.99,'789456123',2,2,NULL,50,NULL,NULL,NULL,NULL,NULL,NULL,'2025-03-20 17:08:07','2025-03-20 17:11:05',NULL),
(81,'GG',21,24.99,'789456123',2,2,NULL,50,NULL,NULL,NULL,NULL,NULL,NULL,'2025-03-20 17:08:07','2025-03-20 17:11:06',NULL),
(82,'P',21,25.45,'789456123123',2,2,NULL,50,NULL,NULL,NULL,NULL,NULL,NULL,'2025-03-20 17:09:26','2025-03-20 17:11:08','2025-03-20 14:11:08'),
(83,'P',21,24.99,'789456123',2,2,NULL,51,NULL,NULL,NULL,NULL,NULL,NULL,'2025-03-20 17:10:59','2025-03-20 17:10:59',NULL),
(84,'M',21,24.99,'789456123',2,2,NULL,51,NULL,NULL,NULL,NULL,NULL,NULL,'2025-03-20 17:10:59','2025-03-20 17:10:59',NULL),
(85,'G',21,24.99,'789456123',2,2,NULL,51,NULL,NULL,NULL,NULL,NULL,NULL,'2025-03-20 17:10:59','2025-03-20 17:10:59',NULL),
(88,'P',21,49.00,'798456123',2,2,NULL,53,NULL,45,45,NULL,NULL,45,'2025-03-25 18:46:40','2025-04-25 17:40:40',NULL),
(89,'P',21,49.00,'123456789',2,2,NULL,54,NULL,45,45,NULL,NULL,45,'2025-03-25 18:46:40','2025-04-25 17:40:40',NULL),
(92,'M',21,49.00,'798456123',2,2,NULL,53,NULL,45,45,NULL,NULL,45,'2025-04-07 19:25:59','2025-04-25 17:40:40',NULL),
(93,'G',21,49.00,'798456123',2,2,NULL,53,NULL,45,45,NULL,NULL,45,'2025-04-07 19:25:59','2025-04-25 17:40:40',NULL),
(94,'M',21,49.00,'123456789',2,2,NULL,54,NULL,45,45,NULL,NULL,45,'2025-04-07 19:25:59','2025-04-25 17:40:40',NULL),
(95,'G',21,49.00,'123456789',2,2,NULL,54,NULL,45,45,NULL,NULL,45,'2025-04-07 19:25:59','2025-04-25 17:40:40',NULL),
(97,'P',80,79.00,'0000010000001',2,2,NULL,57,NULL,60,30,NULL,0.5,30,'2025-04-25 18:19:41','2025-05-22 14:47:06',NULL),
(100,'P',80,79.00,'0000000000004',2,2,NULL,58,NULL,60,30,NULL,0.5,30,'2025-04-25 18:50:59','2025-04-29 19:35:17','2025-04-29 16:35:17'),
(101,'M',80,79.00,'0000000000005',2,2,NULL,58,NULL,65,32,NULL,0.53,32,'2025-04-25 18:50:59','2025-04-29 19:35:17','2025-04-29 16:35:17'),
(102,'G',80,79.00,'0000000000006',2,2,NULL,58,NULL,70,35,NULL,0.58,35,'2025-04-25 18:50:59','2025-05-22 14:47:28',NULL),
(103,'P',80,79.00,'0000000000007',2,2,NULL,59,NULL,60,30,NULL,0.5,30,'2025-04-25 19:07:13','2025-04-25 19:07:13',NULL),
(104,'M',80,79.00,'0000000000008',2,2,NULL,59,NULL,65,32,NULL,0.532,32,'2025-04-25 19:07:13','2025-04-25 19:07:13',NULL),
(105,'G',80,79.00,'0000000000009',2,2,NULL,59,NULL,70,35,NULL,0.554,35,'2025-04-25 19:07:13','2025-04-25 19:07:13',NULL),
(106,'P',80,79.00,'0000000000010',2,2,NULL,60,NULL,60,30,NULL,0.5,30,'2025-04-25 19:09:57','2025-04-25 19:45:36',NULL),
(107,'M',80,79.00,'0000000000011',2,2,NULL,60,NULL,65,32,NULL,0.53,32,'2025-04-25 19:09:57','2025-04-25 19:45:36',NULL),
(108,'G',80,79.00,'0000000000012',2,2,NULL,60,NULL,70,35,NULL,0.555,35,'2025-04-25 19:09:57','2025-04-25 19:45:36',NULL),
(109,'P',666,15.00,'789456123',2,2,NULL,61,NULL,NULL,NULL,NULL,NULL,NULL,'2025-04-29 15:10:07','2025-04-29 15:10:07',NULL),
(110,'PP',666,15.00,'789456123',2,2,NULL,61,NULL,NULL,NULL,NULL,NULL,NULL,'2025-04-29 15:10:07','2025-04-29 15:10:07',NULL),
(111,'PPP',666,15.00,'789456123',2,2,NULL,61,NULL,NULL,NULL,NULL,NULL,NULL,'2025-04-29 15:10:07','2025-04-29 15:10:07',NULL),
(112,'P',40,872.00,'0000000000014',2,2,NULL,62,NULL,100,20,NULL,0.7,20,'2025-04-29 18:28:50','2025-05-22 11:19:52',NULL),
(113,'M',40,872.00,'0000000000014',2,2,NULL,62,NULL,100,20,NULL,0.7,20,'2025-04-29 18:28:50','2025-05-22 11:19:52',NULL),
(114,'G',0,872.00,'0000000000014',2,2,NULL,62,NULL,100,20,NULL,0.7,20,'2025-04-29 18:28:50','2025-05-22 11:19:52',NULL),
(115,'GG',40,872.00,'0000000000014',2,2,NULL,62,NULL,100,20,NULL,0.7,20,'2025-04-29 18:28:50','2025-05-22 11:19:52',NULL),
(116,'P',33,25.00,'789456100',2,2,NULL,64,NULL,NULL,NULL,NULL,NULL,NULL,'2025-04-30 17:01:37','2025-04-30 17:09:33',NULL),
(117,'EX',33,25.00,'789456100',2,2,NULL,64,NULL,NULL,NULL,NULL,NULL,NULL,'2025-04-30 17:08:30','2025-04-30 17:09:33',NULL),
(118,'P',40,130.00,'2000000000001',2,2,NULL,65,NULL,165,20,NULL,0.5,20,'2025-04-30 17:31:44','2025-05-12 19:44:29',NULL),
(119,'M',40,130.00,'2000000000001',2,2,NULL,65,NULL,165,20,NULL,0.5,20,'2025-04-30 17:33:48','2025-05-12 19:44:29',NULL),
(120,'M',45,35.50,'123123345',2,2,NULL,66,NULL,NULL,NULL,NULL,NULL,NULL,'2025-05-02 15:00:25','2025-05-02 15:00:25',NULL),
(121,'G',45,35.50,'123123345',2,2,NULL,66,NULL,NULL,NULL,NULL,NULL,NULL,'2025-05-02 15:00:25','2025-05-02 15:00:25',NULL),
(122,'GG',45,35.50,'123123345',2,2,NULL,66,NULL,NULL,NULL,NULL,NULL,NULL,'2025-05-02 15:00:25','2025-05-02 15:00:25',NULL),
(123,'M',0,79.00,'0000000000001',2,2,NULL,57,NULL,60,30,NULL,0.5,30,'2025-05-07 14:22:25','2025-05-12 12:34:08','2025-05-12 09:34:08'),
(124,'G',80,79.00,'0000000000001',2,2,NULL,57,NULL,60,30,NULL,0.5,30,'2025-05-07 14:24:31','2025-05-07 19:34:38','2025-05-07 16:34:38'),
(125,'GG',0,79.00,'0000000000001',2,2,NULL,57,NULL,60,30,NULL,0.5,30,'2025-05-07 14:25:37','2025-05-07 18:57:08','2025-05-07 15:57:08'),
(126,'PP',80,79.00,'0000000000001',2,2,NULL,57,NULL,60,30,NULL,0.5,30,'2025-05-07 15:39:25','2025-05-07 15:39:58','2025-05-07 12:39:58'),
(127,'M',0,79.00,'0000000000001',2,2,NULL,57,NULL,60,30,NULL,0.5,30,'2025-05-07 19:48:49','2025-05-08 12:21:21','2025-05-08 09:21:21'),
(128,'M',80,79.00,'0000000000001',2,2,NULL,57,NULL,60,30,NULL,0.5,30,'2025-05-12 15:10:35','2025-05-12 15:24:08','2025-05-12 12:24:08'),
(129,'M',80,79.00,'0000110000001',2,2,NULL,57,NULL,60,30,NULL,0.5,30,'2025-05-12 15:24:53','2025-05-22 14:47:06',NULL),
(130,'GG',80,79.00,'0000009800001',2,2,NULL,57,NULL,60,30,NULL,0.5,30,'2025-05-12 16:01:54','2025-05-22 14:47:06',NULL),
(131,'G',80,79.00,'0000056000001',2,2,NULL,57,NULL,60,30,NULL,0.5,30,'2025-05-12 16:01:54','2025-05-22 14:47:06',NULL),
(132,'P',80,79.90,'0000000000020',8,4,NULL,72,NULL,35,70,NULL,0.5,65,'2025-05-22 14:53:55','2025-05-22 14:53:55',NULL),
(133,'M',80,79.90,'0000000000020',8,4,NULL,72,NULL,35,70,NULL,0.5,65,'2025-05-22 14:53:55','2025-05-22 14:53:55',NULL),
(134,'G',80,79.90,'0000000000020',8,4,NULL,72,NULL,35,70,NULL,0.5,65,'2025-05-22 14:53:55','2025-05-22 14:53:55',NULL),
(135,'GG',80,79.90,'0000000000020',8,4,NULL,72,NULL,35,70,NULL,0.5,65,'2025-05-22 14:53:55','2025-05-22 14:53:55',NULL),
(136,'P',80,79.90,'0000000000021',8,2,NULL,73,NULL,35,70,NULL,0.5,65,'2025-05-22 14:58:01','2025-05-22 15:00:55',NULL),
(137,'M',80,79.90,'0000000000021',8,2,NULL,73,NULL,35,70,NULL,0.5,65,'2025-05-22 14:58:01','2025-05-22 15:00:55',NULL),
(138,'G',80,79.90,'0000000000021',8,2,NULL,73,NULL,35,70,NULL,0.5,65,'2025-05-22 14:58:01','2025-05-22 15:00:55',NULL),
(139,'GG',80,79.90,'0000000000021',8,2,NULL,73,NULL,35,70,NULL,0.5,65,'2025-05-22 14:58:01','2025-05-22 15:00:55',NULL),
(140,'P',80,79.90,'0000000000022',8,2,NULL,74,NULL,35,70,NULL,0.5,65,'2025-05-22 15:00:27','2025-05-22 15:00:27',NULL),
(141,'M',80,79.90,'0000000000022',8,2,NULL,74,NULL,35,70,NULL,0.5,65,'2025-05-22 15:00:27','2025-05-22 15:00:27',NULL),
(142,'G',80,79.90,'0000000000022',8,2,NULL,74,NULL,35,70,NULL,0.5,65,'2025-05-22 15:00:27','2025-05-22 15:00:27',NULL),
(143,'GG',80,79.90,'0000000000022',8,2,NULL,74,NULL,35,70,NULL,0.5,65,'2025-05-22 15:00:27','2025-05-22 15:00:27',NULL),
(144,'P',60,72.50,'0000000000024',2,2,NULL,75,NULL,35,70,NULL,0.5,65,'2025-05-22 15:03:00','2025-05-29 17:18:48',NULL),
(145,'M',60,72.50,'0000000000024',1,1,NULL,75,NULL,35,70,NULL,0.5,65,'2025-05-22 15:03:00','2025-05-29 17:18:48',NULL),
(146,'G',60,72.50,'0000000000024',1,1,NULL,75,NULL,35,70,NULL,0.5,65,'2025-05-22 15:03:00','2025-05-29 17:18:48',NULL),
(147,'GG',60,72.50,'0000000000024',2,2,NULL,75,NULL,35,70,NULL,0.5,65,'2025-05-22 15:03:00','2025-05-29 17:18:48',NULL),
(148,'Único',80,79.90,'0000000000025',8,2,NULL,76,NULL,35,70,NULL,0.5,65,'2025-05-22 15:04:51','2025-05-22 15:06:43',NULL),
(149,'M',80,79.90,'0000000000025',8,2,NULL,76,NULL,35,70,NULL,0.5,65,'2025-05-22 15:04:51','2025-05-22 15:06:43','2025-05-22 12:06:43'),
(150,'G',80,79.90,'0000000000025',8,2,NULL,76,NULL,35,70,NULL,0.5,65,'2025-05-22 15:04:51','2025-05-22 15:06:43','2025-05-22 12:06:43'),
(151,'GG',80,79.90,'0000000000025',8,2,NULL,76,NULL,35,70,NULL,0.5,65,'2025-05-22 15:04:51','2025-05-22 15:06:43','2025-05-22 12:06:43'),
(152,'Único',80,79.90,'0000000000026',8,2,NULL,77,NULL,35,70,NULL,0.5,65,'2025-05-22 15:06:27','2025-05-22 15:06:27',NULL),
(153,'Único',80,79.90,'0000000000027',8,2,NULL,78,NULL,35,70,NULL,0.5,65,'2025-05-22 15:08:36','2025-05-22 15:08:36',NULL),
(154,'Único',80,79.90,'0000000000028',8,2,NULL,79,NULL,35,70,NULL,0.5,65,'2025-05-22 15:10:17','2025-05-22 15:10:17',NULL),
(155,'P',40,85.00,'0000000000029',2,2,NULL,80,NULL,35,70,NULL,0.5,65,'2025-05-22 15:13:04','2025-05-29 17:20:25',NULL),
(156,'Único',80,86.00,'0000000000030',2,2,NULL,81,NULL,35,70,NULL,0.5,65,'2025-05-22 15:15:09','2025-05-29 17:16:28',NULL),
(157,'P',80,79.90,'0000000000031',8,2,NULL,82,NULL,35,70,NULL,0.5,65,'2025-05-22 15:16:56','2025-05-22 15:16:56',NULL),
(158,'M',80,79.90,'0000000000031',8,2,NULL,82,NULL,35,70,NULL,0.5,65,'2025-05-22 15:16:56','2025-05-22 15:16:56',NULL),
(159,'G',80,79.90,'0000000000031',8,2,NULL,82,NULL,35,70,NULL,0.5,65,'2025-05-22 15:16:56','2025-05-22 15:16:56',NULL),
(160,'GG',80,79.90,'0000000000031',8,2,NULL,82,NULL,35,70,NULL,0.5,65,'2025-05-22 15:16:56','2025-05-22 15:16:56',NULL),
(161,'P',80,79.90,'0000000000032',8,2,NULL,83,NULL,35,70,NULL,0.5,65,'2025-05-22 15:18:45','2025-05-22 15:18:45',NULL),
(162,'M',80,79.90,'0000000000032',8,2,NULL,83,NULL,35,70,NULL,0.5,65,'2025-05-22 15:18:45','2025-05-22 15:18:45',NULL),
(163,'G',80,79.90,'0000000000032',8,2,NULL,83,NULL,35,70,NULL,0.5,65,'2025-05-22 15:18:45','2025-05-22 15:18:45',NULL),
(164,'GG',80,79.90,'0000000000032',8,2,NULL,83,NULL,35,70,NULL,0.5,65,'2025-05-22 15:18:45','2025-05-22 15:18:45',NULL),
(165,'P',80,79.90,'0000000000033',8,2,NULL,84,NULL,35,70,NULL,0.5,65,'2025-05-22 15:21:21','2025-05-22 15:21:21',NULL),
(166,'M',80,79.90,'0000000000033',8,2,NULL,84,NULL,35,70,NULL,0.5,65,'2025-05-22 15:21:21','2025-05-22 15:21:21',NULL),
(167,'G',80,79.90,'0000000000033',8,2,NULL,84,NULL,35,70,NULL,0.5,65,'2025-05-22 15:21:21','2025-05-22 15:21:21',NULL),
(168,'GG',80,79.90,'0000000000033',8,2,NULL,84,NULL,35,70,NULL,0.5,65,'2025-05-22 15:21:21','2025-05-22 15:21:21',NULL),
(169,'P',80,79.90,'0000000000034',8,2,NULL,85,NULL,35,70,NULL,0.5,65,'2025-05-22 15:23:06','2025-05-22 15:23:06',NULL),
(170,'M',80,79.90,'0000000000034',8,2,NULL,85,NULL,35,70,NULL,0.5,65,'2025-05-22 15:23:06','2025-05-22 15:23:06',NULL),
(171,'G',80,79.90,'0000000000034',8,2,NULL,85,NULL,35,70,NULL,0.5,65,'2025-05-22 15:23:06','2025-05-22 15:23:06',NULL),
(172,'GG',80,79.90,'0000000000034',8,2,NULL,85,NULL,35,70,NULL,0.5,65,'2025-05-22 15:23:06','2025-05-22 15:23:06',NULL),
(173,'P',80,79.90,'0000000000035',8,2,NULL,86,NULL,35,70,NULL,0.5,65,'2025-05-22 15:25:17','2025-05-22 15:25:17',NULL),
(174,'M',80,79.90,'0000000000035',8,2,NULL,86,NULL,35,70,NULL,0.5,65,'2025-05-22 15:25:17','2025-05-22 15:25:17',NULL),
(175,'G',80,79.90,'0000000000035',8,2,NULL,86,NULL,35,70,NULL,0.5,65,'2025-05-22 15:25:17','2025-05-22 15:25:17',NULL),
(176,'GG',80,79.90,'0000000000035',8,2,NULL,86,NULL,35,70,NULL,0.5,65,'2025-05-22 15:25:17','2025-05-22 15:25:17',NULL),
(177,'P',80,79.90,'0000000000036',8,2,NULL,87,NULL,35,70,NULL,0.5,65,'2025-05-22 15:27:05','2025-05-22 15:27:05',NULL),
(178,'M',80,79.90,'0000000000036',8,2,NULL,87,NULL,35,70,NULL,0.5,65,'2025-05-22 15:27:05','2025-05-22 15:27:05',NULL),
(179,'G',80,79.90,'0000000000036',8,2,NULL,87,NULL,35,70,NULL,0.5,65,'2025-05-22 15:27:05','2025-05-22 15:27:05',NULL),
(180,'GG',80,79.90,'0000000000036',8,2,NULL,87,NULL,35,70,NULL,0.5,65,'2025-05-22 15:27:05','2025-05-22 15:27:05',NULL),
(181,'P',500,158.00,'7891234567890',3,3,NULL,88,NULL,NULL,NULL,NULL,NULL,NULL,'2025-05-23 12:02:52','2025-05-23 18:31:38',NULL),
(182,'M',500,158.00,'7891234567890',3,3,NULL,88,NULL,NULL,NULL,NULL,NULL,NULL,'2025-05-23 12:02:52','2025-05-23 18:31:38',NULL),
(183,'G',500,158.00,'7891234567890',3,3,NULL,88,NULL,NULL,NULL,NULL,NULL,NULL,'2025-05-23 12:02:52','2025-05-23 18:31:38',NULL),
(184,'GG',500,158.00,'7891234567890',3,3,NULL,88,NULL,NULL,NULL,NULL,NULL,NULL,'2025-05-23 12:02:52','2025-05-23 18:31:38',NULL),
(185,'P',500,25.00,'7894561237890',2,2,NULL,89,NULL,NULL,NULL,NULL,NULL,NULL,'2025-05-23 12:43:17','2025-05-23 12:43:44',NULL),
(186,'M',500,25.00,'7894561237890',1,1,NULL,89,NULL,NULL,NULL,NULL,NULL,NULL,'2025-05-23 12:43:17','2025-05-23 12:43:44',NULL),
(187,'G',500,25.00,'7894561237890',2,2,NULL,89,NULL,NULL,NULL,NULL,NULL,NULL,'2025-05-23 12:43:17','2025-05-23 12:43:44',NULL),
(188,'GG',500,25.00,'7894561237890',3,3,NULL,89,NULL,NULL,NULL,NULL,NULL,NULL,'2025-05-23 12:43:17','2025-05-23 12:43:44',NULL),
(189,'XL',500,25.00,'7894561237890',4,4,NULL,89,NULL,NULL,NULL,NULL,NULL,NULL,'2025-05-23 12:43:17','2025-05-23 12:43:44',NULL),
(190,'P',500,108.00,'7891234567895',2,2,NULL,90,NULL,NULL,NULL,NULL,NULL,NULL,'2025-05-23 13:20:14','2025-05-23 13:20:14',NULL),
(191,'M',500,108.00,'7891234567895',2,2,NULL,90,NULL,NULL,NULL,NULL,NULL,NULL,'2025-05-23 13:20:14','2025-05-23 13:20:14',NULL),
(192,'G',500,108.00,'7891234567895',1,1,NULL,90,NULL,NULL,NULL,NULL,NULL,NULL,'2025-05-23 13:20:14','2025-05-23 13:20:14',NULL),
(193,'GG',500,108.00,'7891234567895',5,5,NULL,90,NULL,NULL,NULL,NULL,NULL,NULL,'2025-05-23 13:20:14','2025-05-23 13:20:14',NULL),
(194,'XL',500,108.00,'7891234567895',2,2,NULL,90,NULL,NULL,NULL,NULL,NULL,NULL,'2025-05-23 13:20:14','2025-05-23 13:20:14',NULL),
(195,'P',500,91.00,'7891234567801',1,1,NULL,91,NULL,NULL,NULL,NULL,NULL,NULL,'2025-05-23 13:31:45','2025-05-23 18:28:22',NULL),
(196,'M',500,91.00,'7891234567801',4,4,NULL,91,NULL,NULL,NULL,NULL,NULL,NULL,'2025-05-23 13:31:45','2025-05-23 18:28:22',NULL),
(197,'G',500,91.00,'7891234567801',2,2,NULL,91,NULL,NULL,NULL,NULL,NULL,NULL,'2025-05-23 13:31:45','2025-05-23 18:28:22',NULL),
(198,'GG',500,91.00,'7891234567801',2,2,NULL,91,NULL,NULL,NULL,NULL,NULL,NULL,'2025-05-23 13:31:45','2025-05-23 18:28:22',NULL),
(199,'XL',500,91.00,'7891234567801',3,3,NULL,91,NULL,NULL,NULL,NULL,NULL,NULL,'2025-05-23 13:31:45','2025-05-23 18:28:22',NULL),
(200,'P',500,79.00,'7891234567818',3,3,NULL,92,NULL,NULL,NULL,NULL,NULL,NULL,'2025-05-23 13:40:34','2025-05-23 18:31:15',NULL),
(201,'M',500,79.00,'7891234567818',3,3,NULL,92,NULL,NULL,NULL,NULL,NULL,NULL,'2025-05-23 13:40:34','2025-05-23 18:31:15',NULL),
(202,'G',500,79.00,'7891234567818',3,3,NULL,92,NULL,NULL,NULL,NULL,NULL,NULL,'2025-05-23 13:40:34','2025-05-23 18:31:15',NULL),
(203,'GG',500,79.00,'7891234567818',3,3,NULL,92,NULL,NULL,NULL,NULL,NULL,NULL,'2025-05-23 13:40:34','2025-05-23 18:31:15',NULL),
(204,'XL',500,79.00,'7891234567818',1,0,NULL,92,NULL,NULL,NULL,NULL,NULL,NULL,'2025-05-23 13:40:34','2025-05-23 18:31:15',NULL),
(205,'P',500,166.00,'7891234567825',2,2,NULL,93,NULL,NULL,NULL,NULL,NULL,NULL,'2025-05-23 13:45:44','2025-05-23 14:02:01','2025-05-23 11:02:01'),
(206,'M',500,166.00,'7891234567825',2,2,NULL,93,NULL,NULL,NULL,NULL,NULL,NULL,'2025-05-23 13:45:44','2025-05-23 14:02:01','2025-05-23 11:02:01'),
(207,'G',500,166.00,'7891234567825',5,5,NULL,93,NULL,NULL,NULL,NULL,NULL,NULL,'2025-05-23 13:45:44','2025-05-23 14:02:01','2025-05-23 11:02:01'),
(208,'GG',500,166.00,'7891234567825',3,3,NULL,93,NULL,NULL,NULL,NULL,NULL,NULL,'2025-05-23 13:45:44','2025-05-23 14:02:01','2025-05-23 11:02:01'),
(209,'XL',500,166.00,'7891234567825',1,0,NULL,93,NULL,NULL,NULL,NULL,NULL,NULL,'2025-05-23 13:45:44','2025-05-23 14:02:01','2025-05-23 11:02:01'),
(210,'P',500,166.00,'7891234567832',2,2,NULL,94,NULL,NULL,NULL,NULL,NULL,NULL,'2025-05-23 14:02:01','2025-05-23 18:28:51',NULL),
(211,'M',500,166.00,'7891234567832',2,2,NULL,94,NULL,NULL,NULL,NULL,NULL,NULL,'2025-05-23 14:02:01','2025-05-23 18:28:51',NULL),
(212,'G',500,166.00,'7891234567832',5,5,NULL,94,NULL,NULL,NULL,NULL,NULL,NULL,'2025-05-23 14:02:01','2025-05-23 18:28:51',NULL),
(213,'GG',500,166.00,'7891234567832',3,3,NULL,94,NULL,NULL,NULL,NULL,NULL,NULL,'2025-05-23 14:02:01','2025-05-23 18:28:51',NULL),
(214,'XL',500,166.00,'7891234567832',1,0,NULL,94,NULL,NULL,NULL,NULL,NULL,NULL,'2025-05-23 14:02:01','2025-05-23 18:28:51',NULL),
(215,'P',500,19.00,'7891234567849',5,5,NULL,95,NULL,NULL,NULL,NULL,NULL,NULL,'2025-05-23 14:08:11','2025-05-23 18:31:05',NULL),
(216,'M',500,19.00,'7891234567849',1,1,NULL,95,NULL,NULL,NULL,NULL,NULL,NULL,'2025-05-23 14:08:11','2025-05-23 18:31:05',NULL),
(217,'G',500,19.00,'7891234567849',2,2,NULL,95,NULL,NULL,NULL,NULL,NULL,NULL,'2025-05-23 14:08:11','2025-05-23 18:31:05',NULL),
(218,'GG',500,19.00,'7891234567849',2,2,NULL,95,NULL,NULL,NULL,NULL,NULL,NULL,'2025-05-23 14:08:11','2025-05-23 18:31:05',NULL),
(219,'XL',500,19.00,'7891234567849',2,2,NULL,95,NULL,NULL,NULL,NULL,NULL,NULL,'2025-05-23 14:08:11','2025-05-23 18:31:05',NULL),
(220,'P',500,25.00,'7891234567856',1,3,NULL,96,NULL,NULL,NULL,NULL,NULL,NULL,'2025-05-23 14:20:06','2025-05-23 14:20:06',NULL),
(221,'M',500,25.00,'7891234567856',1,3,NULL,96,NULL,NULL,NULL,NULL,NULL,NULL,'2025-05-23 14:20:06','2025-05-23 14:20:06',NULL),
(222,'G',500,25.00,'7891234567856',1,3,NULL,96,NULL,NULL,NULL,NULL,NULL,NULL,'2025-05-23 14:20:06','2025-05-23 14:20:06',NULL),
(223,'GG',500,25.00,'7891234567856',1,2,NULL,96,NULL,NULL,NULL,NULL,NULL,NULL,'2025-05-23 14:20:06','2025-05-23 14:20:06',NULL),
(224,'XL',500,25.00,'7891234567856',1,1,NULL,96,NULL,NULL,NULL,NULL,NULL,NULL,'2025-05-23 14:20:06','2025-05-23 14:20:06',NULL),
(225,'P',500,20.00,'7891234567863',1,2,NULL,97,NULL,NULL,NULL,NULL,NULL,NULL,'2025-05-23 14:24:51','2025-05-23 18:29:19',NULL),
(226,'M',500,20.00,'7891234567863',1,4,NULL,97,NULL,NULL,NULL,NULL,NULL,NULL,'2025-05-23 14:24:51','2025-05-23 18:29:19',NULL),
(227,'G',500,20.00,'7891234567863',1,3,NULL,97,NULL,NULL,NULL,NULL,NULL,NULL,'2025-05-23 14:24:51','2025-05-23 18:29:19',NULL),
(228,'GG',500,20.00,'7891234567863',1,2,NULL,97,NULL,NULL,NULL,NULL,NULL,NULL,'2025-05-23 14:24:51','2025-05-23 18:29:19',NULL),
(229,'XL',500,20.00,'7891234567863',1,1,NULL,97,NULL,NULL,NULL,NULL,NULL,NULL,'2025-05-23 14:24:51','2025-05-23 18:29:19',NULL),
(230,'P',500,62.00,'7891234567870',1,3,NULL,98,NULL,NULL,NULL,NULL,NULL,NULL,'2025-05-23 14:41:21','2025-05-23 18:34:18',NULL),
(231,'M',500,62.00,'7891234567870',1,3,NULL,98,NULL,NULL,NULL,NULL,NULL,NULL,'2025-05-23 14:41:21','2025-05-23 18:34:18',NULL),
(232,'G',500,62.00,'7891234567870',1,3,NULL,98,NULL,NULL,NULL,NULL,NULL,NULL,'2025-05-23 14:41:21','2025-05-23 18:34:18',NULL),
(233,'GG',500,62.00,'7891234567870',1,3,NULL,98,NULL,NULL,NULL,NULL,NULL,NULL,'2025-05-23 14:41:21','2025-05-23 18:34:18',NULL),
(234,'XL',500,62.00,'7891234567870',1,3,NULL,98,NULL,NULL,NULL,NULL,NULL,NULL,'2025-05-23 14:41:21','2025-05-23 18:34:18',NULL),
(235,'P',500,70.00,'7891234567887',1,3,NULL,99,NULL,NULL,NULL,NULL,NULL,NULL,'2025-05-23 15:04:48','2025-05-23 18:33:59',NULL),
(236,'M',500,70.00,'7891234567887',1,3,NULL,99,NULL,NULL,NULL,NULL,NULL,NULL,'2025-05-23 15:04:48','2025-05-23 18:33:59',NULL),
(237,'G',500,70.00,'7891234567887',1,3,NULL,99,NULL,NULL,NULL,NULL,NULL,NULL,'2025-05-23 15:04:48','2025-05-23 18:33:59',NULL),
(238,'GG',500,70.00,'7891234567887',1,3,NULL,99,NULL,NULL,NULL,NULL,NULL,NULL,'2025-05-23 15:04:48','2025-05-23 18:33:59',NULL),
(239,'XL',500,70.00,'7891234567887',1,0,NULL,99,NULL,NULL,NULL,NULL,NULL,NULL,'2025-05-23 15:04:48','2025-05-23 18:33:59',NULL),
(240,'P',500,79.00,'7891234567900',1,1,NULL,100,NULL,NULL,NULL,NULL,NULL,NULL,'2025-05-23 15:17:47','2025-05-23 16:30:45',NULL),
(241,'M',500,79.00,'7891234567900',1,3,NULL,100,NULL,NULL,NULL,NULL,NULL,NULL,'2025-05-23 15:17:47','2025-05-23 16:30:46',NULL),
(242,'G',500,79.00,'7891234567900',1,2,NULL,100,NULL,NULL,NULL,NULL,NULL,NULL,'2025-05-23 15:17:47','2025-05-23 16:30:48',NULL),
(243,'GG',500,79.00,'7891234567900',1,3,NULL,100,NULL,NULL,NULL,NULL,NULL,NULL,'2025-05-23 15:17:47','2025-05-23 16:30:49',NULL),
(244,'XL',500,79.00,'7891234567900',1,3,NULL,100,NULL,NULL,NULL,NULL,NULL,NULL,'2025-05-23 15:17:47','2025-05-23 16:30:50',NULL),
(245,'M',40,85.00,'0000000000029',2,2,NULL,80,NULL,NULL,NULL,NULL,NULL,NULL,'2025-05-29 17:20:25','2025-05-29 17:20:25',NULL),
(246,'G',40,85.00,'0000000000029',2,2,NULL,80,NULL,NULL,NULL,NULL,NULL,NULL,'2025-05-29 17:20:25','2025-05-29 17:20:25',NULL),
(247,'GG',40,85.00,'0000000000029',2,2,NULL,80,NULL,NULL,NULL,NULL,NULL,NULL,'2025-05-29 17:20:25','2025-05-29 17:20:25',NULL);
/*!40000 ALTER TABLE `skus` ENABLE KEYS */;
UNLOCK TABLES;

--
-- Table structure for table `subcategories`
--

DROP TABLE IF EXISTS `subcategories`;
/*!40101 SET @saved_cs_client     = @@character_set_client */;
/*!40101 SET character_set_client = utf8mb4 */;
CREATE TABLE `subcategories` (
  `id` int(10) unsigned NOT NULL AUTO_INCREMENT,
  `name` varchar(37) NOT NULL,
  `category_id` int(10) unsigned NOT NULL,
  `created_at` timestamp NULL DEFAULT current_timestamp(),
  PRIMARY KEY (`id`),
  UNIQUE KEY `subcategories_name_category_id_key` (`name`,`category_id`),
  KEY `fk_subcategories_categories` (`category_id`),
  CONSTRAINT `fk_subcategories_categories` FOREIGN KEY (`category_id`) REFERENCES `categories` (`id`) ON DELETE CASCADE ON UPDATE CASCADE
) ENGINE=InnoDB AUTO_INCREMENT=62 DEFAULT CHARSET=utf8mb4 COLLATE=utf8mb4_unicode_ci;
/*!40101 SET character_set_client = @saved_cs_client */;

--
-- Dumping data for table `subcategories`
--

LOCK TABLES `subcategories` WRITE;
/*!40000 ALTER TABLE `subcategories` DISABLE KEYS */;
INSERT INTO `subcategories` VALUES
(46,'Anime',1,'2025-04-25 21:40:37'),
(47,'Geek',1,'2025-04-25 22:02:07'),
(50,'Quadrada',26,'2025-04-29 18:03:23'),
(51,'Quadrado',27,'2025-04-29 21:24:22'),
(53,'Cartoon',1,'2025-05-22 17:44:52'),
(54,'Rock',1,'2025-05-22 17:44:52'),
(55,'Super Hero',1,'2025-05-22 17:44:52'),
(56,'Estampada',1,'2025-05-23 15:33:23'),
(57,'Lisa',1,'2025-05-23 15:33:29'),
(58,'Estampado',30,'2025-05-23 16:16:35'),
(59,'Liso',30,'2025-05-23 16:16:35'),
(60,'Liso',31,'2025-05-23 17:39:39'),
(61,'Estampado',31,'2025-05-23 17:39:39');
/*!40000 ALTER TABLE `subcategories` ENABLE KEYS */;
UNLOCK TABLES;

--
-- Table structure for table `variants`
--

DROP TABLE IF EXISTS `variants`;
/*!40101 SET @saved_cs_client     = @@character_set_client */;
/*!40101 SET character_set_client = utf8mb4 */;
CREATE TABLE `variants` (
  `id` int(11) NOT NULL AUTO_INCREMENT,
  `name` varchar(255) NOT NULL,
  `hex_code` varchar(7) DEFAULT NULL,
  `product_id` int(11) NOT NULL,
  `created_at` timestamp NULL DEFAULT current_timestamp(),
  `updated_at` timestamp NULL DEFAULT NULL ON UPDATE current_timestamp(),
  `deleted_at` timestamp NULL DEFAULT NULL,
  PRIMARY KEY (`id`),
  UNIQUE KEY `unique_variant_name_product_id` (`name`,`product_id`),
  KEY `fk_variants_products` (`product_id`),
  CONSTRAINT `fk_variants_products` FOREIGN KEY (`product_id`) REFERENCES `products` (`id`) ON DELETE CASCADE ON UPDATE CASCADE
) ENGINE=InnoDB AUTO_INCREMENT=101 DEFAULT CHARSET=utf8mb4 COLLATE=utf8mb4_unicode_ci;
/*!40101 SET character_set_client = @saved_cs_client */;

--
-- Dumping data for table `variants`
--

LOCK TABLES `variants` WRITE;
/*!40000 ALTER TABLE `variants` DISABLE KEYS */;
INSERT INTO `variants` VALUES
(3,'Preto','#000000',23,'2025-03-04 19:57:50','2025-03-19 13:38:56',NULL),
(4,'Vermelho',NULL,23,'2025-03-04 19:57:52',NULL,NULL),
(5,'Preto','#000000',24,'2025-03-05 12:07:42','2025-03-19 13:38:56',NULL),
(6,'Vermelho',NULL,24,'2025-03-05 12:07:44',NULL,NULL),
(7,'Novidade',NULL,24,'2025-03-05 12:07:46','2025-04-22 18:16:29','2025-04-22 18:07:09'),
(8,'Azul',NULL,25,'2025-03-05 14:54:39',NULL,NULL),
(9,'Azul',NULL,26,'2025-03-05 17:33:52',NULL,NULL),
(10,'Vermelho',NULL,27,'2025-03-05 18:36:23','2025-04-08 17:23:58',NULL),
(11,'Azul',NULL,27,'2025-03-05 18:36:25','2025-04-08 17:23:57',NULL),
(21,'Marrom',NULL,33,'2025-03-10 16:20:51',NULL,NULL),
(41,'Variante',NULL,41,'2025-03-19 22:25:39','2025-03-24 18:30:33',NULL),
(45,'teste2',NULL,42,'2025-03-19 23:02:32',NULL,NULL),
(46,'NOVA',NULL,40,'2025-03-20 16:17:10',NULL,NULL),
(50,'Vermelho',NULL,41,'2025-03-20 20:08:06',NULL,NULL),
(51,'Preto',NULL,41,'2025-03-20 20:10:59',NULL,NULL),
(53,'Amarelo',NULL,38,'2025-03-25 21:46:39',NULL,NULL),
(54,'Roxo',NULL,38,'2025-03-25 21:46:39',NULL,NULL),
(57,'Branco',NULL,43,'2025-04-25 21:19:41',NULL,NULL),
(58,'Preta',NULL,44,'2025-04-25 21:50:59',NULL,NULL),
(59,'Branca',NULL,45,'2025-04-25 22:07:13',NULL,NULL),
(60,'Branca',NULL,46,'2025-04-25 22:09:57',NULL,NULL),
(61,'Marrom',NULL,47,'2025-04-29 18:10:03',NULL,NULL),
(62,'Marrom',NULL,48,'2025-04-29 21:28:50',NULL,NULL),
(64,'Preto',NULL,50,'2025-04-30 20:01:37',NULL,NULL),
(65,'Vermelho',NULL,51,'2025-04-30 20:31:44',NULL,NULL),
(66,'Preto',NULL,52,'2025-05-02 18:00:21',NULL,NULL),
(72,'Branco',NULL,58,'2025-05-22 17:53:55',NULL,NULL),
(73,'Preto',NULL,59,'2025-05-22 17:58:01',NULL,NULL),
(74,'Rosa',NULL,60,'2025-05-22 18:00:27',NULL,NULL),
(75,'Azul',NULL,61,'2025-05-22 18:03:00',NULL,NULL),
(76,'Azul',NULL,62,'2025-05-22 18:04:51',NULL,NULL),
(77,'Preto',NULL,63,'2025-05-22 18:06:27',NULL,NULL),
(78,'Vermelho',NULL,64,'2025-05-22 18:08:36',NULL,NULL),
(79,'Branco',NULL,65,'2025-05-22 18:10:17',NULL,NULL),
(80,'Azul',NULL,66,'2025-05-22 18:13:04',NULL,NULL),
(81,'Preto',NULL,67,'2025-05-22 18:15:09',NULL,NULL),
(82,'Preto',NULL,68,'2025-05-22 18:16:56',NULL,NULL),
(83,'Branco',NULL,69,'2025-05-22 18:18:45',NULL,NULL),
(84,'Preto',NULL,70,'2025-05-22 18:21:21',NULL,NULL),
(85,'Rosa',NULL,71,'2025-05-22 18:23:06',NULL,NULL),
(86,'Preto',NULL,72,'2025-05-22 18:25:17',NULL,NULL),
(87,'Preto',NULL,73,'2025-05-22 18:27:05',NULL,NULL),
(88,'Couro',NULL,74,'2025-05-23 15:02:52',NULL,NULL),
(89,'Vermelho',NULL,75,'2025-05-23 15:43:17',NULL,NULL),
(90,'Preto',NULL,76,'2025-05-23 16:20:14',NULL,NULL),
(91,'Vermelho Canguru',NULL,77,'2025-05-23 16:31:45',NULL,NULL),
(92,'Azul com Gorro',NULL,78,'2025-05-23 16:40:34',NULL,NULL),
(93,'Masculina Off-White',NULL,79,'2025-05-23 16:45:44','2025-05-23 14:02:01','2025-05-23 14:02:01'),
(94,'offwhite',NULL,79,'2025-05-23 17:02:01',NULL,NULL),
(95,'azul',NULL,80,'2025-05-23 17:08:11',NULL,NULL),
(96,'preta',NULL,81,'2025-05-23 17:20:06',NULL,NULL),
(97,'onca',NULL,82,'2025-05-23 17:24:51',NULL,NULL),
(98,'ziper',NULL,83,'2025-05-23 17:41:21',NULL,NULL),
(99,'pretoliso',NULL,84,'2025-05-23 18:04:48',NULL,NULL),
(100,'cinza',NULL,85,'2025-05-23 18:17:47',NULL,NULL);
/*!40000 ALTER TABLE `variants` ENABLE KEYS */;
UNLOCK TABLES;
/*!40103 SET TIME_ZONE=@OLD_TIME_ZONE */;

/*!40101 SET SQL_MODE=@OLD_SQL_MODE */;
/*!40014 SET FOREIGN_KEY_CHECKS=@OLD_FOREIGN_KEY_CHECKS */;
/*!40014 SET UNIQUE_CHECKS=@OLD_UNIQUE_CHECKS */;
/*!40101 SET CHARACTER_SET_CLIENT=@OLD_CHARACTER_SET_CLIENT */;
/*!40101 SET CHARACTER_SET_RESULTS=@OLD_CHARACTER_SET_RESULTS */;
/*!40101 SET COLLATION_CONNECTION=@OLD_COLLATION_CONNECTION */;
/*!40111 SET SQL_NOTES=@OLD_SQL_NOTES */;

-- Dump completed on 2025-06-02 12:02:31
